caseId,currentMessage,context,historicalResponse,goldIntent
golden-001,@AmazonHelp I says ordered with the line close to the shipped mark :( everything else ordered with it has already shipped,CUSTOMER: @115821 got me hella anxious cause I paid for Saturday shipping and my item hasn't shipped yet but everything else with it already has 😬 | SUPPORT: @153810 We're anxious for you! Can we help? Could you tell us what the most recent tracking shows for your order? You can view it here: https://t.co/Y5jpI9gRhE ^TK,"@153810 It's not uncommon for an item to ship the same day as the delivery date. If you don't receive your item by 8:00PM on Saturday, please let us know! ^AC",Delivery & Tracking
golden-002,@AmazonHelp Can I arrange a phone call with someone who has English as their first language?,"CUSTOMER: Getting seriously pissed off with @115821 customer service! Why do I pay for prime? | SUPPORT: @147312 Could you provide us with a few details about the issue without posting account information? What options were provided to you when you contacted us? ^WM | CUSTOMER: @AmazonHelp I've been sent round in circles by poor phone customer services to then say nothing they can do! Apparently your offer end dates mean nothing! Regretting using you for recent purchases right now | CUSTOMER: @AmazonHelp And the bad service continues I see! I want a call from somebody tomorrow!!! | SUPPORT: @147312 I'm sorry to hear about your experience, Chris! This certainly isn't what we want for our customers and we're here to help. I'd like to have someone look into this with you. Please provide us with your details here: https://t.co/Udv3NT0dgh ^NS | CUSTOMER: @AmazonHelp Still had no reply!!! If nothing heard soon am taking all business elsewhere and cancelling prime! | SUPPORT: @147312 I apologise for the delay, Chris. We're still investigating the issue and will get back to you as soon as possible.^PJ | CUSTOMER: @AmazonHelp I look forward to hearing what can be done as the longer this takes the less chance I use this service again | SUPPORT: @147312 Hey Chris, we've received your details. Somebody will be in touch shortly. ^TP | CUSTOMER: @AmazonHelp Will I get a reply to my feedback comment? | SUPPORT: @147312 Hi Chris. What feedback are you referring to? ^DC | CUSTOMER: @AmazonHelp One from a complaint I made, I had a reply that I wasn't happy with, will I get a response to this one? | SUPPORT: @147312 The specialist will research your account/orders and will be in touch with you shortly. ^KN | CUSTOMER: @AmazonHelp This is a joke!!! Still not heard anything! NEVER had customer service as bad as this! #sortitout | SUPPORT: @147312 I understand how frustrating this can be. I was able to find that we have sent you a reply back through e-mail. You may want to check your spam/junk folder. ^AL | CUSTOMER: @AmazonHelp Do you mean Thursday night? If not hen haven't heard anything","@147312 That is correct, Chris! Our specialist sent an e-mail with the subject line ""Your https://t.co/ykTUEmdsQA Enquiry"" on Thursday, 23 November 2017 at 15:45 GMT. I hope this information is helpful! ^SD",OTHER / UNCLEAR
golden-003,@115821 Thanks for your amazing shipping times @115821 but I put some thought into this! 😂I'll have to see if Papa Kira (Papa Grinsha) can get it.,CUSTOMER: Ordered a skirt from @115821 for cosplay. Chose 5-day shipping cuz I'd be gone &amp; w/ 2-day it'd arrive after I took off. 🛫#FirstWorldProblem https://t.co/pwVhUl6imY,@125124 We'd like to help. Who's the carrier: https://t.co/Y5jpI9gRhE? Have you called them for options: https://t.co/XElP6cXQrb? ^CO,Delivery & Tracking
golden-004,@AmazonHelp It is far too long winded to discuss on Twitter. I have got nowhere with live chat. Am fed up with the way I’ve been treated by your customer services tonight 😩😤 What do I do now?,"CUSTOMER: @115830 Can someone please DM me about your shocking customer service and crap Black Friday ordering.  You’re on a par with @252 right now, and the whole world knows how shit they are! 🤬😠😤 | SUPPORT: @155855 We'd like to help! Please use the link below to DM with us. As a reminder we don't have access to your Amazon account; please refrain from providing personal or account details.  ^AG https://t.co/1XyLaGkcaN | CUSTOMER: @AmazonHelp Are you able to trace online chats or do I need to screenshot what is happening ? I am beyond fed up with the *help* I’ve got tonight! 😤 | SUPPORT: @155855 For security, we are unable to view customer account details on Twitter. However, our chats are recorded. Please let us know what's going on. ^BH","@155855 Understood. Without posting account or order details, can you please tell us about the initial issue you were trying to get resolved when you contacted us? https://t.co/1XyLaGkcaN",OTHER / UNCLEAR
golden-005,@AmazonHelp Awaiting  response from your side. Already provided my details. This is frustrating.,"CUSTOMER: @AmazonHelp have ordered one plus 3t from Amazon sale on no cost emi. Now bank is charging amount with interest. What is the benefit of it? | SUPPORT: @191805 I'm sorry for the trouble, did you contact our customer service team here: https://t.co/vlvfJr4nN9? ^SI | CUSTOMER: @AmazonHelp Yes. But they are clearly saying that i did not choose the option of no cost emi. I was shown the total amount which was payable | SUPPORT: @191805 Kindly drop in your details here: https://t.co/beaaDm0muc and we'll have this checked. ^GK","@191805 I understand your concern. If the details were shared, you must've received a correspondence from us. Please check. ^HD",OTHER / UNCLEAR
golden-006,"@120533 Bonjour, le Pc Shinobee a 499.99€ pack complet est bien livrer avec l ecran Asus 24"" ainsi que le clavier et la souris + la tour?",,"@164975 Bonsoir, effectivement comme indiqué sur les détails de l'article.^ ko https://t.co/JNiqHrn3rR",Product & Digital Services
golden-007,"@116090 it’s been weeks I’m not able to see my previous orders in the iOS app (only on the web), any ideas? https://t.co/0jD1Eop6MU",,@172138 We're here to help! Have you had a chance to uninstall and re-install the application? Let us know if that works! ^JE,Product & Digital Services
golden-008,@AmazonHelp Replacement order is 408-8661335-1817148. I call you on 5oct. Your team saying will refund your amount within 24 to 48 hrs.,"CUSTOMER: @115850 i perched a headphone.I cancelled this item.Bt till now amazon did not return my money.I call him lots of time.bt didnt solve pblm | SUPPORT: @192164 Apologies, Abhishek. Request you to wait for 3-5 business days to receive the refund from the date of cancellation. ^SK | CUSTOMER: @AmazonHelp How much i waited tell me.i already waited 4-5 days. Your pik up date is 3oct. Bt u did not pik till now.i called lots of time. | CUSTOMER: @AmazonHelp Bt your team did not pik.So i don't know anything.I want my refund immediately. Because that is not my fault. So by i face that knid of pblm | SUPPORT: @192164 I'm sorry for the hassle, Abhishek. Please drop in your details here: https://t.co/GIJyeYqKE0. We will look into it. ^SB","@192164 Please don't provide your order details, we consider it to be personal information. Our page is visible to the public. ^KA",Returns & Refunds
golden-009,Hola @AmazonHelp. Podéis confirmarme la retransmisión en España del partido de la NFL del jueves noche?,,"@164795 En este momento no se encuentra disponible la retransmisión del partido, sin embargo puedes ver un resumen del mismo. ^VL",Product & Digital Services
golden-010,"@AmazonHelp eu não quero reembolso, eu só quero que o meu livro chegue. sério que vcs não podem fazer NADA sobre isso??","CUSTOMER: CADÊ MEU LIVRO @117086 | SUPPORT: @183646 Olá Richie! Poderia fornecer mais detalhes para conseguir lhe ajudar? Você está aguardando a entrega de algum pedido? ^HC | CUSTOMER: @AmazonHelp posso mandar uma dm pra vcs com o número do pedido??? | SUPPORT: @183646 da sua conta. Me diga, qual é a data estimada de entrega do seu pedido? (2/2) ^HC | CUSTOMER: @AmazonHelp era pra hoje, mas não chegou nada!!!! eu tendo rastrear a remessa mas não aparece horários, datas nem nada | SUPPORT: @183646 Sinto muito saber do problema. O seu pedido foi vendido pela Amazon ou vendido por um vendedor externo? ^JJ | CUSTOMER: @AmazonHelp vendedor externo. o que eu devo fazer? | SUPPORT: @183646 Nesse caso, recomendo entrar em contato diretamente com o vendedor: https://t.co/OeEPiH0F6X ^CR | CUSTOMER: @AmazonHelp queria vir através deste reclamar e demonstrar meu profundo desapontamento. o vendedor não me responde e durante esse mês, o feedback + | CUSTOMER: @AmazonHelp dele caiu muito, não tenho informações da transportadora e nem um sinal de vida dele | SUPPORT: @183646 (2/2) enviar uma solicitação da Garantia de A a Z. Mais detalhes aqui: https://t.co/c34dGYAEoW. ^LG | SUPPORT: @183646 Oi Richie, sinto muito pelo acontecido. Nesses caso, quando você não recebe resposta do vendedor depois do prazo, pode (1/2)",@183646 Por gentileza entre em contato com o nosso Serviço de Atendimento no seguinte link: https://t.co/ouAOLcNWp4 ^JJ,Delivery & Tracking
golden-011,@AmazonHelp Thank you Thank you Thank you Thank you Thank you Thank you Thank you Thank you Thank you Thank you Thank you Thank you Thank you Thank you!,"CUSTOMER: @116089 Preordered with @115821. I haven't received my beta code. It states I'll have the beta code Oct 4. Haven't received it. Help me! | SUPPORT: @168346 I'm sorry you haven't received the code! Please contact us directly for assistance: https://t.co/hApLpMlfHN ^SB | CUSTOMER: @AmazonHelp I did. Have to wait 24 hours for a response, no guarantee of getting the beta code in that time span. Any further help would be appreciated. | CUSTOMER: @AmazonHelp I do appreciate the swift response via tweet. | CUSTOMER: @AmazonHelp I was sooooooo looking forward to playing after working a 14 hour shift today 😢 | SUPPORT: @168346 Please keep us posted and let us know if there's anything else we can do to help! ^SB | CUSTOMER: @AmazonHelp I got it! Just now!!!!!",@168346 You're welcome You're welcome You're welcome You're welcome You're welcome You're welcome You're welcome You're welcome! 😁 ^SB,OTHER / UNCLEAR
golden-012,"@118919 kindly check -original date of delivery, and then expected. and also don't miss the comment on top saying ' if it hasn't arrived by 10 Oct'","CUSTOMER: Our delivery network expansion into Meghalaya will ensure faster deliveries to customers in this state. #AmazonHaiTaiyyar #DeliveringSmiles https://t.co/Z3x110kTCS | CUSTOMER: @118919 Pls give discount on mac air 128gb im waiting from 5 days!! :( | SUPPORT: @185371 Pricing and offers are decision of the sellers. I'll be sure to pass your feedback internally. ^SG | CUSTOMER: @118919 #amazonunfair ...Amazon is charging Rs.250 delivery plus other , yet delivery date and item availability uncertain. Downfall ! | SUPPORT: @205461 Once the order is placed you'll be notified about the delivery date through email. Please check with the same. ^VR",@205461 We request you to wait till the end of day for the package to be delivered to you. ^VM,Delivery & Tracking
golden-013,@AmazonHelp @115851 Are you guys kidding me?? I have been following up continuously but not getting the solution.. https://t.co/igceoeyjvK,"CUSTOMER: @115850 @115851 Please stop cheating customers by delivering old products. Bought a new laptop this week whose warranty is valid only for 290 days instead of a year.. Order id 405-5462082-7360357.. NEED REFUND.. https://t.co/GMhc0vBJ69 | SUPPORT: @137099 Apologies for the trouble with the order received. Definitely not an intended experience for our customers. We'd like to help. Kindly report it to our support team here: https://t.co/vlvfJr4nN9 and we'll have this sorted. 1/2 ^KH | SUPPORT: @137099 Please don't share your order details as we consider it to be personal information. Our Twitter page is visible to public. 2/2 ^KH | CUSTOMER: @115850 @115851 Already reported but no solution.. | SUPPORT: @137099 We are working on it and we will get back to you soon. ^MD | CUSTOMER: @AmazonHelp Still awaiting for a resolution.. | SUPPORT: @137099 I'm afraid that we haven't received the mail yet. I request you to kindly fill in the details once again through the link provided to you earlier so that we can work on this right away, without any further delay. ^SC","@137099 Allow us to check this close and assist. Please share the required details, here: https://t.co/GIJyeYqKE0 and we'll get back with an update. ^YP",Item Problem
golden-014,"Just wanted to say, maybe stop worrying about grocery delivery and buying Whole Foods, and get back to just delivering packages on time. Third item dorked in two consecutive orders. Trying to give you guys 2nd chances, but I think I'm gonna be out @115821 @115851 https://t.co/RHjCU0C6Ig",,"@127727 I'm very sorry for the recent delivery issues. Without sharing personal or account details, will you let us know what information or options were we able to provide when you contacted us about this? ^CL",Delivery & Tracking
golden-015,@115850 have cheated &amp; delivered a duplicate product of @7166 which is different from the original product as displayed. https://t.co/MnarBn5yN0,,@129577 Sorry about this experience. Please report this to our team here: https://t.co/TdDksLo6Mf and we'll look into this. ^MK,Item Problem
golden-016,"If you order an item that turns out to be something other than what u wanted on @115850 &amp; want to return it, be prepared for a rude chat.",,@183040 I'm sorry for the unpleasant experience. We'd like to look into it closely to help you out. (1/2)^AP,Returns & Refunds
golden-017,@AmazonHelp Just now - yes. I sent a message. But shouldn't have to!!!,"CUSTOMER: @115830 waited in all day for delivery, guaranteed by 8pm. Just informed now could be up to 6 Nov. Tracked driver today, was within 100 yards from our house!!!! What went wrong!?! Need item asap, please resolve! | SUPPORT: @129378 I'm sorry for the wait! We'd like to look at this with you. Please call or chat with us here: https://t.co/JzP7hlA23B ^MH | CUSTOMER: @AmazonHelp Hi, spoke to alyssia yday evening who guaranteed it would arrive today. Am I able to track it? The usual tracking page is just as the attached image https://t.co/LJTVLYBxKm | SUPPORT: @129378 Did she email you after the call? What exactly was advised? ^PK | CUSTOMER: @AmazonHelp Yes she sent me an email which included the sentence ""Your parcel will go back out for delivery on the 2 November 2017"" (that was a direct copy and paste). So.... Can I track it please? | SUPPORT: @129378 We do not have access to the tracking info over Twitter. Please call or chat in using this link: https://t.co/JzP7hlA23B | CUSTOMER: @AmazonHelp Done. Still not arrived. Not expecting it to. How disappointing Amazon | SUPPORT: @129378 Hmm... Did you reach out to use to us using the link provided by the previous representative? ^MJ","@129378 For the quickest assistance, we recommend phone or chat. Please keep us posted; we'd like to know this is taken care of! ^KL",OTHER / UNCLEAR
golden-018,@AmazonHelp tampoco me deja hacer reclamación en web. A pesar de que el seguimiento sigue actualizándose no reconoce referencia envío 😒,"CUSTOMER: @137605 menuda falta de profesionalidad y rigor! No cumplen con sus entregas y es de chiste el seguimiento. https://t.co/yO0zjXwsTv | CUSTOMER: @137605 paquete que debía entregarse el lunes aún ""en reparto por incidencias logísticas""... @116928 no contéis con ellos más! | SUPPORT: @177165 Hola Reme. ¿Ya te has contactado con la compañía transportista?: https://t.co/yAVMfHCNXk    ^JJ | CUSTOMER: @AmazonHelp ustedes me han ayudado y reclamado pero ellos no responden. Tuve que hacer devolución sin recibir paquete, muy a mi pesar","@177165 Reme, por favor contacta nuevamente a nuestro Servicio de atención al cliente (https://t.co/OjvUxwnzPe) ^HC",Delivery & Tracking
golden-019,@AmazonHelp No this is my point why would Amazon automatically select a pay for delivery option after I purposely spent more on shopping to qualify for FREE delivery. I am seriously annoyed with Amazon for being this misleading,"CUSTOMER: just noticed I paid £4.95 delivery on Amazon simply because I did not select the FREE delivery option, after I spent enough to qualify... what a RIP OFF, why is it not free automatically when qualifying @115830 | SUPPORT: @116586 Hi, you can edit your order at any time before it enters the dispatch process. To do this please check out our help page: https://t.co/wRa3FyXyBb ^KI | SUPPORT: @116586 Sorry to hear this. Did you select Free delivery at the checkout? ^PK",@116586 I do apologise Jacob. If you can reach out to us here: https://t.co/JzP7hlRCV9 We will be happy to look into this for you. ^PK,Payment & Charges
golden-020,@AmazonHelp Don't think that I am a jobless nug. Better get it sorted Acer or you may have to face consequences in the future.,"CUSTOMER: @115850 needs to find a better way to make money than looting the customer | SUPPORT: @158372 Not something we want you to experience. Kindly let us know, how can we make things better for you. ^CB | CUSTOMER: @AmazonHelp I'll not be able to provide my contact number in social media. Write a mail to me @ __email__. I will take it forward from there | SUPPORT: @158372 as we consider them to be personal information. Our Twitter page is visible to public. 3/3^SB | SUPPORT: @158372 https://t.co/vlvfJr4nN9? We will work on it.  Please don’t provide your account details 2/3^SB | SUPPORT: @158372 We will not have the access to your account details on social platform. Please reach out to our support team here: 1/3^SB | CUSTOMER: @AmazonHelp The link which you have provided makes no sense.","@158372 Kindly fill in your details here: https://t.co/beaaDm0muc, we'll get back to you soon. (2/2)^AP",OTHER / UNCLEAR
golden-021,@AmazonHelp to check the product status...refund was fired from your side.,,"@174664 We regret about the unpleasant experience. Kindly fill in your details here: https://t.co/GIJyeYqKE0, and I'll look into it. ^NR",Returns & Refunds
golden-022,@12393 help!! I am due to fly tomorrow (two day flight!) &amp; my kindle won't connect! am currently on the net with my phone 😭 https://t.co/NpEuX72LtA,,"@167991 We're happy to help, Louise! Let's take a look into this with you in real-time: https://t.co/hApLpMlfHN ^ML",Product & Digital Services
golden-023,@AmazonHelp @115821 pls see this issue and solve it as soon as possible....,"CUSTOMER: @115850 @AmazonHelp I have never performed this amazon prime member transaction .. Already complained in the customer service but no reply https://t.co/el9v6w9Jwq | SUPPORT: @183546 Looks like this charge is from https://t.co/nUUp5MLhYl, one of our partner website who works independently. (1/2 ) ^CB | CUSTOMER: @AmazonHelp Whoever it is it's amazon only....do check pls becoz my credit card details were there in amazon.in account | SUPPORT: @183546 You can report this to their support team directly here: https://t.co/O1IhqmoJ8o (2/2) ^CB",@183546 As informed earlier request you to contact us using the link provided earlier.^VH,OTHER / UNCLEAR
golden-024,"O pedido que fiz às 18h de ontem na @117086 já consta como enviado e com código de rastreio! Excelentes descontos e frete grátis! Isso é que é eficiência na Black Friday, viu?! 🤘🏻👏🏻👏🏻👏🏻👏🏻🙏🏻🙌🏻",,"@144616 Olá, Cacio! Conte para nós, o que você comprou no nosso site?. Ficamos curiosos. 🤔💚 ^NB",OTHER / UNCLEAR
golden-025,@AmazonHelp Bought a washing machine from Amazon and had a nightmare getting it installed. Neither you guys or the brand was helpful.,CUSTOMER: Never buy large appliances from @115850 as they DO NOT provide installation service. #CustomerInconvenience #ApniDukan? #Fail | SUPPORT: @119536 Seems like you've had an unpleasant experience. Could you elaborate so that we could assist you accordingly? ^ST,"@119536 I'm sorry for the unpleasant experience, I'd like to look into this closely. Kindly drop in your details 1/2 ^AH",Product & Digital Services
golden-026,@AmazonHelp I have raised a complaint today evening 👍 any cash back offers for jio/airtel users on upgrading to Amazon prime account. ?,CUSTOMER: @115850  is 250 cashback on subscribing amazon prime through vodafone offer available or closed? Can u pls confirm? | CUSTOMER: @158273 @115850 Naa Amazon cash back coupon code raledu mee company nundi 😠 | SUPPORT: @158272 Could you please tell me which cash back you are referring to so that I can check it ? ^AU,"@158272 Unfortunately, we do not support Airtel mobile recharge. However, for the (1/2)^SQ",Prime & Subscription
golden-027,@AmazonHelp Thank you for your tweet! I’ve contacted customer service &amp; they’re sending directions to the courier. I wish there was a way to include directions when we order. #wishlist,"CUSTOMER: Really #annoyed w @115830!! Need @AmazonHelp bcuz 2nd delivery attempt failed (again). Live in new housing area &amp; postcode sends driver 2wrong area. Need my delivery today!!! Why can’t they call me 4 directions?! | SUPPORT: @154233 I'm sorry your order had another failed delivery attempt, Shelly! We'd like to take a look into this and available options with you. When you're available, please get in touch with us here: https://t.co/JzP7hlA23B ^TH","@154233 Glad to hear that you've managed to get everything sorted, Shelly. Let me know if you have any other issues!^TI",Delivery & Tracking
golden-028,@115821 order October 4th.  3- 7 delivery time frame. It’s expected here October 14th by 8pm. That’s 7 business days and a sat delivery.,,@182544 Hi Travis. Was the item sold via Amazon or a seller directly? What delivery option did you choose? ^TP,Delivery & Tracking
golden-029,"Order No: 171-3705259-1179509

I have received stone in my delivery box instead of the product which I ordered and amazon specialist team said go to hell after committing me the refund today. @115850 @115851 @AmazonHelp https://t.co/KFdsbH6nAg",,"@133015 Please don't provide your order details, we consider it to be personal information. Our page is visible to the public. 2/2 ^HS",Item Problem
golden-030,@165806 @115850 @121294 Mine screen broken but not replaced in last 40 days nobody bother to address the issue,"CUSTOMER: @115850 @121294 bought #LGQ6, it gets heats up like a boiler, Amazon CS not ready to help....order ID 408-2934367-9365911 | SUPPORT: @165806 I'm sorry the device is heating. Please contact the manufacturer for assistance. ^HA | CUSTOMER: @AmazonHelp I want refund as the device is heating since the day I have rcd it @121294 #lgq6 | SUPPORT: @165806 Puneet, we have a 10-day return policy for mobile phones, post which you'll need to reach out to the manufacturer. ^MS | CUSTOMER: @AmazonHelp @121294 I called ur CS next day but I ws informed that you don't hv return... #Lgq6 #badquality #worstservice",@219448 I'm sorry about this experience. Have you reported it to our support team here: https://t.co/2t6DQoUmNZ? ^GD,Item Problem
golden-031,@AmazonHelp Me han enviado un email esta mañana diciendo que entregarían el paquete de 13:00 a 14:00 (entiendo que pueda haber un poco de retraso) pero son casi las 16:00 y aún no han venido y no es la primera vez que pasa esto y al final siempre vienen a las 20:30 h. o así...,"CUSTOMER: @AmazonHelp Hola, me gustaría saber dónde puedo poner una queja para la empresa de transporte, siempre que me enviáis pedidos con Seur tengo problemas. Estoy esperando un pedido y me parece que voy a perder toda la tarde por estar pendiente porque no cumplen el horario que dicen | SUPPORT: @149452 ¡Hola! Lamentamos este inconveniente. ¿Podrías explicarnos un poco más el problema que estás teniendo? ^ES","@149452 Gracias por la información. En este caso para obtener más detalles de la entrega, ¿ya has contactado con el transportista? En el siguiente enlace puedes ver las formas de contacto: https://t.co/UklCXxEm8y. ^MZ",Delivery & Tracking
golden-032,@115850 I want to trade my oneplus 5 for it. Is that possible?,"CUSTOMER: Hit ❤ or re-tweet to get notified when the OnePlus 5T sale begins, exclusively on Amazon. Stay tuned to get #ANewView. https://t.co/0Ci7j8Lsoo | CUSTOMER: @115850 Im Waiting 😜 | CUSTOMER: @140735 Thank you for your interest! You will be notified soon for the OnePlus 5T sale on Amazon.in | CUSTOMER: @115850 #amazonfestiveriddles@JeffBezos  @115850 @AmazonHelp 
चोरो मुझे मेरे इन ऑडर के पैसे दो #AmazonGreatIndianFestivalSell बोलकर बेवकूफ बना रहे हो उपभोक्ताओं को
#Cashback मिलेगा बोलकर अब मुकर गए
कितनी ही बार तुमको ऑडर डिटेल भी सेंड कर दी है लिंक में देखो
https://t.co/o7HHLlYBJj | CUSTOMER: @115850 Can i get one for free please i am a regular customer | CUSTOMER: @115850 Got any job for me so that I can earn ₹33K to spend on 5T? | CUSTOMER: @115850 Where I find Diwali winner results | CUSTOMER: @115850 Redmi 4a 32gb stock me aaye tab बताना. | CUSTOMER: @284702 Thank you for your interest! You will be notified soon for the OnePlus 5T sale on Amazon.in | CUSTOMER: @115850 How much does it cost ? | SUPPORT: @140735 I'm afraid we do not have such option. However, you may take the advantage of the offers and deals from our website. ^HS | CUSTOMER: @AmazonHelp Ok | SUPPORT: @284286 Thanks for understanding. Wiish you the very best for the next sale.😉 ^RB | SUPPORT: @116925 I'm sorry for the inconvenience, please share your details here https://t.co/GIJyeYqKE0, we would look into this. Please don't provide your order details, as we consider it to be personal information. Our Twitter page is public.​ ^MD | SUPPORT: @284281 Well, if you're really interested, you might want to click here: https://t.co/NlW54e35cA :P Also, we're sure it's going to be worth the wait!^MD | SUPPORT: @284271 Could you please confirm which contest are you referring to so that we can assist you? ^GD | SUPPORT: @140735 Thanks for understanding, Jayant. ^KA | SUPPORT: @284268 Please click on notify by visiting this link: https://t.co/BCTx4FNxeC. You will be notified via email before the sale begins. Appreciate your interest. ^HS | SUPPORT: @284702 You may check the price here: https://t.co/h8Ob5KEh0y ^MN | CUSTOMER: @285585 Thank you for your interest! You will be notified soon for the OnePlus 5T sale on Amazon.in | CUSTOMER: @285432 Thank you for your interest! You will be notified soon for the OnePlus 5T sale on Amazon.in | CUSTOMER: @115850 Exchange available? One plus 5↔️ one plus 5T | CUSTOMER: @285444 Thank you for your interest! You will be notified soon for the OnePlus 5T sale on Amazon.in | CUSTOMER: @285437 Thank you for your interest! You will be notified soon for the OnePlus 5T sale on Amazon.in | CUSTOMER: @115850 Is there any exchange program as I already have OnePlus 5. | CUSTOMER: @115850 Thank you @115850 😍😍😍 | CUSTOMER: @115850 When I Get My Refund Email id - __email__ | CUSTOMER: @115850 Is it flash sale then can I get op5T? | SUPPORT: @285444 You're welcome. Do keep us posted for any further concerns. ^SG | SUPPORT: @285437 I'm sure you'd like to upgrade your device to the OnePlus 5T, Sasi. Considering it has just released and is available only on preview sale, exchange for this device isn't currently available. ^JC | CUSTOMER: @AmazonHelp Thanks for letting me know.😍😍😘 Amazon | SUPPORT: @285432 I'd like to have a closer look at the refund issue. Please share your details in this link here: https://t.co/GIJyeYqKE0 and I'll reach out. Please don't provide your account details, we consider it to be personal information. Our page is visible to the public. ^KA | SUPPORT: @158565 Yes, it's a flash sale for OnePlus5T. You can purchase it from here: https://t.co/kkiatwZjOs during the sale. Good luck for the sale. ^VN | CUSTOMER: @115850 Customer service may problem hai. ..customers ko react nahi karte | SUPPORT: @285585 Considering that the mobile has launched recently and only available on flash sale, we do not have any annoucement regarding the availability of exchange for now. ^RI | SUPPORT: @285437 You're welcome. :) Do keep us posted for any further concerns. ^GD | CUSTOMER: @AmazonHelp Thanks to reply.i definitely try to purchase op5T on Amazon India.In box any protection case is present. | SUPPORT: @285574 That's quite a remark. Could you please elaborate what went wrong so that we can assist you accordingly? | CUSTOMER: @AmazonHelp Sure😍😍 | CUSTOMER: @285794 Thank you for your interest! You will be notified soon for the OnePlus 5T sale on Amazon.in | CUSTOMER: @AmazonHelp OKAY | CUSTOMER: @115850 Any exchange offer available? | SUPPORT: @158565 You're welcome. We've checked and looks like a case will not be included in the box. However, please stay tuned for the sale for more info on this. Appreciate your understanding. ^VN | SUPPORT: @285794 Considering that the phone has launched recently and only available on flash sale, we do not have any information on the availability of exchange offer. ^MN | CUSTOMER: @285775 Thank you for your interest! You will be notified soon for the OnePlus 5T sale on Amazon.in | CUSTOMER: @286856 Thank you for your interest! You will be notified soon for the OnePlus 5T sale on Amazon.in | CUSTOMER: @115850 Let's make a deal u show me... I gift den to two more... | CUSTOMER: @115850 What is the price , can you tell me ,so that i can manage my  credit first | CUSTOMER: @115850 Chor company | CUSTOMER: @145381 Thank you for your interest! You will be notified soon for the OnePlus 5T sale on Amazon.in | CUSTOMER: @115850 Ur welcome | CUSTOMER: @AmazonHelp कितनी बार करना पड़ेगा डिटेल्स सेंड 7-8 बार तो कर ही चुका हूं पर तुम लोग भी पूरे कमीने हो | SUPPORT: @285775 We can apprehend to the connected excitement. Stay tuned on webpage for upcoming updates. ^CN | SUPPORT: @286856 Please check this link, here: https://t.co/KUQ6ZT1mPY for more information about the product and the promotions available at this moment. ^KA | SUPPORT: @145381 :) ^CB | SUPPORT: @286853 That's quite a remark. Could you please elaborate your concern so that we can assist you accordingly? ^GD | CUSTOMER: @219391 Thank you for your interest! You will be notified soon for the OnePlus 5T sale on Amazon.in | CUSTOMER: @115850 Oneplus 5t = 32999, pixel 2 = 61000....cant understand where the 28000 went..... | CUSTOMER: @287434 Thank you for your interest! You will be notified soon for the OnePlus 5T sale on Amazon.in | CUSTOMER: @115850 Thanks | SUPPORT: @219391 I'm sorry we're unable to apprehend you. Could you please elaborate on your concern so that we can assist you? ^GD | CUSTOMER: @115850 Sir is there oneplus 5t will be available regular sale after this preview sale :) | CUSTOMER: @AmazonHelp Haha..im only trying to understand why the pixel 2 costs almost twice as the oneplus 5t, for the same features | CUSTOMER: @287910 Thank you for your interest! You will be notified soon for the OnePlus 5T sale on Amazon.in | SUPPORT: @287434 We don't have any announcement on this yet; however, kindly stay tuned to the sale for more updates. Appreciate your understanding. ^VN | CUSTOMER: @288185 Thank you for your interest! You will be notified soon for the OnePlus 5T sale on Amazon.in | CUSTOMER: @115850 I want to know that there is any wholesale facilities of goods | CUSTOMER: @115850 Is there any Thanksgiving offer!? | CUSTOMER: @115850 I hope there will be a good exchange offer for Oneplus 5 users | SUPPORT: @287911 Considering that One plus 5T in on flash sale, we do not have any information regarding the availability of exchange option. ^KA | SUPPORT: @287910 Please connect with our support team here: https://t.co/vlvfJr4nN9 and we'll help you with your concern. ^HS | SUPPORT: @288185 We haven't made any announcement yet. Please stay tuned to the website for update on this. ^SG | CUSTOMER: @115850 when will available No cost Emi for the #oneplus5t from Bajaj .? | CUSTOMER: @288324 Thank you for your interest! You will be notified soon for the OnePlus 5T sale on Amazon.in | CUSTOMER: @115850 Any offer on One plus 5t | CUSTOMER: @141820 Thank you for your interest! You will be notified soon for the OnePlus 5T sale on Amazon.in | CUSTOMER: @115850 Youare cheatet you will sent me perfoum bottle inthe pacakge | SUPPORT: @286029 Considering that the mobile has been launched recently and is available only on flash sale, we have not made an announcement on the available payment options for now. ^RI | CUSTOMER: @AmazonHelp So not available for Todays sale ?.😔😔 | SUPPORT: @141820 Apologies for the inconvenience. Have you reported this to our support team here: https://t.co/vlvfJr4nN9? We'll look into this for you. ^RB | CUSTOMER: @AmazonHelp Do refund or not | CUSTOMER: @AmazonHelp You are teliing you will do refund know you are telling for investiagation 5998my product price given my money back cheater | CUSTOMER: @AmazonHelp I will contact cs please help me personaly | CUSTOMER: @AmazonHelp I nwed monet please give my miney back | CUSTOMER: @146167 Thank you for your interest! You will be notified soon for the OnePlus 5T sale on Amazon.in | SUPPORT: @288324 Kindly refer the product page here: https://t.co/fsmQlKIP1n, to check for any available offers on One Plus 5T. ^MP | CUSTOMER: @115850 It would be even more good, if you offer NoCost emi on #OnePlus5T | CUSTOMER: @AmazonHelp Thank you @115850 | SUPPORT: @141820 I’m sorry about this experience,Ishika. Do not worry. Please share your details here: https://t.co/GIJyeYqKE0 and I'll get in touch with you. ^MK | SUPPORT: @146167 I get your concern about no cost EMI. You may check the availability during checkout process. Do keep us posted. ^SV | SUPPORT: @286029 I understand your concern about the no cost EMI option. I wish I could help you here, but as mentioned earlier, we do not have additional information on this for now. ^RI | CUSTOMER: @115850 CheTers | SUPPORT: @141820 I understand you're upset, Ishika. Request you to please fill in the details in the link mentioned earlier and we'll get this checked. ^MK | CUSTOMER: @AmazonHelp I was given detils thet investigate not issue | CUSTOMER: @AmazonHelp Refund | SUPPORT: @141820 Could you please confirm, submitting your details using the link shared here: https://t.co/D1NpwERFwx. ^MP | CUSTOMER: @143180 Thank you for your interest! You will be notified soon for the OnePlus 5T sale on Amazon.in | CUSTOMER: @115850 Thanks for such a fastest delivery @115850 . Got my Flagship delivered right after the next day I ordered. | SUPPORT: @143180 Woohoo! That's awesome! Thank you indeed for keeping us inspired to do such great work. We appreciate the kind words and we're here to help if you need us :-) ^SV | CUSTOMER: @143579 Thank you for your interest! You will be notified soon for the OnePlus 5T sale on Amazon.in | CUSTOMER: @115850 I have not got my refunded money since I have replaced my order since 5 - 6 days please check | SUPPORT: @143579 Sorry for the inconvenience, Shreyash. Please report this to our support team here: https://t.co/TdDksLo6Mf and we'll look into this. ^MK | CUSTOMER: @115850 Are we going to have exchange offer today on @115850? Please keep, i wanna buy #OnePlus5t with exchange..

@AmazonHelp @132995 #OnePlus5TLaunch #OnePlusPopUp | SUPPORT: @143958 We don't have an announcement on this yet, Ketan. Request you to check the availability of exchange option while placing the order. ^MK | CUSTOMER: @144475 Thank you for your interest! You will be notified soon for the OnePlus 5T sale on Amazon.in | CUSTOMER: @115850 Thanxx ☺ | CUSTOMER: @144787 Thank you for your interest! You will be notified soon for the OnePlus 5T sale on Amazon.in | SUPPORT: @144475 You are welcome, Sharon! | CUSTOMER: @144609 Thank you for your interest! You will be notified soon for the OnePlus 5T sale on Amazon.in | CUSTOMER: @115850 Thanks👍 | CUSTOMER: @115850 Okay for replied me | SUPPORT: @144609 You are most welcome and thank you for reaching out to us today. ^JS | SUPPORT: @144787 It was a pleasure assisting you. Do let us know if you need any further assistance. ^SY | CUSTOMER: @145103 Thank you for your interest! You will be notified soon for the OnePlus 5T sale on Amazon.in | CUSTOMER: @115850 Sir any shoe? | SUPPORT: @145103 I'm sorry, I was unable to comprehend your concern. Could you please elaborate on your concern? ^SY | CUSTOMER: @145231 Thank you for your interest! You will be notified soon for the OnePlus 5T sale on Amazon.in | CUSTOMER: @145223 Thank you for your interest! You will be notified soon for the OnePlus 5T sale on Amazon.in | CUSTOMER: @115850 Thank you @115850 | CUSTOMER: @115850 I'm waiting for that ... | CUSTOMER: @144285 The #OnePlus5T preview sale on Amazon.in starts 12 PM. Are you ready to get #ANewView? https://t.co/ryB7j7wIZE | CUSTOMER: @147144 The #OnePlus5T preview sale on Amazon.in starts 12 PM. Are you ready to get #ANewView? https://t.co/ryB7j7wIZE | SUPPORT: @145231 You're welcome. Appreciate your understanding. ^EM | CUSTOMER: @151184 The #OnePlus5T preview sale on Amazon.in starts 12 PM. Are you ready to get #ANewView? https://t.co/ryB7j7wIZE | CUSTOMER: @115850 I am ready for the new view I bought one plus 5 it's one month old what will do for that so kindly exchange my old one plus 5 and I can buy new one plus 5T with better price. | CUSTOMER: @145381 The #OnePlus5T preview sale on Amazon.in starts 12 PM. Are you ready to get #ANewView? https://t.co/ryB7j7wIZE | SUPPORT: @145223 You'd receive an update anytime soon. Appreciate your patience. ^EM | CUSTOMER: @115850 Yeah absolutely ready to grab one out | CUSTOMER: @145897 The #OnePlus5T preview sale on Amazon.in starts 12 PM. Are you ready to get #ANewView? https://t.co/ryB7j7wIZE | CUSTOMER: @145383 The #OnePlus5T preview sale on Amazon.in starts 12 PM. Are you ready to get #ANewView? https://t.co/ryB7j7wIZE | CUSTOMER: @146146 The #OnePlus5T preview sale on Amazon.in starts 12 PM. Are you ready to get #ANewView? https://t.co/ryB7j7wIZE","@145383 Sorry, we aren't running any exchange offer now for the phone. ^SI",Product & Digital Services
golden-033,espero que o kindle paperwhite chegue a 220 reais @117086,,@142957 Olá Nasser! Você já conferiu a promoção que temos no Kindle? https://t.co/8GJjGdYTTb   ^JJ,Product & Digital Services
golden-034,"@115821 STOP using LaserShip. Simply put, they suck.",,@155498 We'd like to help. Please contact us here via phone or chat so we can look into this as well as forward your carrier feedback: https://t.co/EKXRLsnxJu ^GG,Delivery & Tracking
golden-035,Dear @115821 - Your Prime didn't Prime. The 2 days shipping took 5 and I needed this Wednesday! It's Friday. #Amazon https://t.co/joKPhF7b3L,,@151588 I'm sorry your order arrived later than expected. Did we miss the delivery date that was given in your confirmation e-mail? ^VS,Delivery & Tracking
golden-036,"@AmazonHelp I will
Thanks for responding","CUSTOMER: Hey @115850 do you give sponsorships to college fests? | SUPPORT: @177038 We'd like to know more about this, Sukhwinder. Please share your details here: https://t.co/GIJyeYqKE0. ^HD",@177038 Thanks. We'll get back with an update the soon we receive your details. ^YP,OTHER / UNCLEAR
golden-037,Amazonプライム・ビデオ優秀すぎるわ,,@158323 (*´-`).｡oO（恐れ入ります♪ いろんな作品がございますので、ごゆっくりお楽しみくださいませ！）TN,OTHER / UNCLEAR
golden-038,"@115850 It's still there , I Hope someday you correct it","CUSTOMER: @115850 ,the below vico Vajradanti cost hardly ₹ 50, why you showing ₹ 1000 + , are you procuring it from another part of the world , people buy trusting Amazon for its correct price , hope you correct the same. https://t.co/r93VMgzRfc | SUPPORT: @144975 Thanks for flagging this. I'll forward this to the concerned team internally for a review. ^KA | CUSTOMER: @AmazonHelp Thanks !!!","@144975 I get your concern. However, as Amazon.in is a marketplace, the products are sold by individual sellers/suppliers; therefore, we constantly receive new data from our suppliers &amp; our prices regularly change. ^HS",Product & Digital Services
golden-039,@115850 Thanq it's my pleasure 🙏😊,"CUSTOMER: Hit ❤ or re-tweet to get notified when the OnePlus 5T sale begins, exclusively on Amazon. Stay tuned to get #ANewView. https://t.co/0Ci7j8Lsoo | CUSTOMER: @115850 Im Waiting 😜 | CUSTOMER: @140735 Thank you for your interest! You will be notified soon for the OnePlus 5T sale on Amazon.in | CUSTOMER: @115850 #amazonfestiveriddles@JeffBezos  @115850 @AmazonHelp 
चोरो मुझे मेरे इन ऑडर के पैसे दो #AmazonGreatIndianFestivalSell बोलकर बेवकूफ बना रहे हो उपभोक्ताओं को
#Cashback मिलेगा बोलकर अब मुकर गए
कितनी ही बार तुमको ऑडर डिटेल भी सेंड कर दी है लिंक में देखो
https://t.co/o7HHLlYBJj | CUSTOMER: @115850 Can i get one for free please i am a regular customer | CUSTOMER: @115850 Got any job for me so that I can earn ₹33K to spend on 5T? | CUSTOMER: @115850 Where I find Diwali winner results | CUSTOMER: @115850 Redmi 4a 32gb stock me aaye tab बताना. | CUSTOMER: @284702 Thank you for your interest! You will be notified soon for the OnePlus 5T sale on Amazon.in | CUSTOMER: @115850 How much does it cost ? | SUPPORT: @140735 I'm afraid we do not have such option. However, you may take the advantage of the offers and deals from our website. ^HS | CUSTOMER: @AmazonHelp Ok | SUPPORT: @284286 Thanks for understanding. Wiish you the very best for the next sale.😉 ^RB | SUPPORT: @116925 I'm sorry for the inconvenience, please share your details here https://t.co/GIJyeYqKE0, we would look into this. Please don't provide your order details, as we consider it to be personal information. Our Twitter page is public.​ ^MD | SUPPORT: @284281 Well, if you're really interested, you might want to click here: https://t.co/NlW54e35cA :P Also, we're sure it's going to be worth the wait!^MD | SUPPORT: @284271 Could you please confirm which contest are you referring to so that we can assist you? ^GD | SUPPORT: @140735 Thanks for understanding, Jayant. ^KA | SUPPORT: @284268 Please click on notify by visiting this link: https://t.co/BCTx4FNxeC. You will be notified via email before the sale begins. Appreciate your interest. ^HS | SUPPORT: @284702 You may check the price here: https://t.co/h8Ob5KEh0y ^MN | CUSTOMER: @285585 Thank you for your interest! You will be notified soon for the OnePlus 5T sale on Amazon.in | CUSTOMER: @285432 Thank you for your interest! You will be notified soon for the OnePlus 5T sale on Amazon.in | CUSTOMER: @115850 Exchange available? One plus 5↔️ one plus 5T | CUSTOMER: @285444 Thank you for your interest! You will be notified soon for the OnePlus 5T sale on Amazon.in | CUSTOMER: @285437 Thank you for your interest! You will be notified soon for the OnePlus 5T sale on Amazon.in | CUSTOMER: @115850 Is there any exchange program as I already have OnePlus 5. | CUSTOMER: @115850 Thank you @115850 😍😍😍 | CUSTOMER: @115850 When I Get My Refund Email id - __email__ | CUSTOMER: @115850 Is it flash sale then can I get op5T? | SUPPORT: @285444 You're welcome. Do keep us posted for any further concerns. ^SG | SUPPORT: @285437 I'm sure you'd like to upgrade your device to the OnePlus 5T, Sasi. Considering it has just released and is available only on preview sale, exchange for this device isn't currently available. ^JC | CUSTOMER: @AmazonHelp Thanks for letting me know.😍😍😘 Amazon | SUPPORT: @285432 I'd like to have a closer look at the refund issue. Please share your details in this link here: https://t.co/GIJyeYqKE0 and I'll reach out. Please don't provide your account details, we consider it to be personal information. Our page is visible to the public. ^KA | SUPPORT: @158565 Yes, it's a flash sale for OnePlus5T. You can purchase it from here: https://t.co/kkiatwZjOs during the sale. Good luck for the sale. ^VN | CUSTOMER: @115850 Customer service may problem hai. ..customers ko react nahi karte | SUPPORT: @285585 Considering that the mobile has launched recently and only available on flash sale, we do not have any annoucement regarding the availability of exchange for now. ^RI | SUPPORT: @285437 You're welcome. :) Do keep us posted for any further concerns. ^GD | CUSTOMER: @AmazonHelp Thanks to reply.i definitely try to purchase op5T on Amazon India.In box any protection case is present. | SUPPORT: @285574 That's quite a remark. Could you please elaborate what went wrong so that we can assist you accordingly? | CUSTOMER: @AmazonHelp Sure😍😍 | CUSTOMER: @285794 Thank you for your interest! You will be notified soon for the OnePlus 5T sale on Amazon.in | CUSTOMER: @AmazonHelp OKAY | CUSTOMER: @115850 Any exchange offer available? | SUPPORT: @158565 You're welcome. We've checked and looks like a case will not be included in the box. However, please stay tuned for the sale for more info on this. Appreciate your understanding. ^VN | SUPPORT: @285794 Considering that the phone has launched recently and only available on flash sale, we do not have any information on the availability of exchange offer. ^MN | CUSTOMER: @285775 Thank you for your interest! You will be notified soon for the OnePlus 5T sale on Amazon.in | CUSTOMER: @286856 Thank you for your interest! You will be notified soon for the OnePlus 5T sale on Amazon.in | CUSTOMER: @115850 Let's make a deal u show me... I gift den to two more... | CUSTOMER: @115850 What is the price , can you tell me ,so that i can manage my  credit first | CUSTOMER: @115850 Chor company | CUSTOMER: @145381 Thank you for your interest! You will be notified soon for the OnePlus 5T sale on Amazon.in | CUSTOMER: @115850 Ur welcome | CUSTOMER: @AmazonHelp कितनी बार करना पड़ेगा डिटेल्स सेंड 7-8 बार तो कर ही चुका हूं पर तुम लोग भी पूरे कमीने हो | SUPPORT: @285775 We can apprehend to the connected excitement. Stay tuned on webpage for upcoming updates. ^CN | SUPPORT: @286856 Please check this link, here: https://t.co/KUQ6ZT1mPY for more information about the product and the promotions available at this moment. ^KA | SUPPORT: @145381 :) ^CB | SUPPORT: @286853 That's quite a remark. Could you please elaborate your concern so that we can assist you accordingly? ^GD | CUSTOMER: @219391 Thank you for your interest! You will be notified soon for the OnePlus 5T sale on Amazon.in | CUSTOMER: @115850 Oneplus 5t = 32999, pixel 2 = 61000....cant understand where the 28000 went..... | CUSTOMER: @287434 Thank you for your interest! You will be notified soon for the OnePlus 5T sale on Amazon.in | CUSTOMER: @115850 Thanks | SUPPORT: @219391 I'm sorry we're unable to apprehend you. Could you please elaborate on your concern so that we can assist you? ^GD | CUSTOMER: @115850 Sir is there oneplus 5t will be available regular sale after this preview sale :) | CUSTOMER: @AmazonHelp Haha..im only trying to understand why the pixel 2 costs almost twice as the oneplus 5t, for the same features | CUSTOMER: @287910 Thank you for your interest! You will be notified soon for the OnePlus 5T sale on Amazon.in | SUPPORT: @287434 We don't have any announcement on this yet; however, kindly stay tuned to the sale for more updates. Appreciate your understanding. ^VN | CUSTOMER: @288185 Thank you for your interest! You will be notified soon for the OnePlus 5T sale on Amazon.in | CUSTOMER: @115850 I want to know that there is any wholesale facilities of goods | CUSTOMER: @115850 Is there any Thanksgiving offer!? | CUSTOMER: @115850 I hope there will be a good exchange offer for Oneplus 5 users | SUPPORT: @287911 Considering that One plus 5T in on flash sale, we do not have any information regarding the availability of exchange option. ^KA | SUPPORT: @287910 Please connect with our support team here: https://t.co/vlvfJr4nN9 and we'll help you with your concern. ^HS | SUPPORT: @288185 We haven't made any announcement yet. Please stay tuned to the website for update on this. ^SG | CUSTOMER: @115850 when will available No cost Emi for the #oneplus5t from Bajaj .? | CUSTOMER: @288324 Thank you for your interest! You will be notified soon for the OnePlus 5T sale on Amazon.in | CUSTOMER: @115850 Any offer on One plus 5t | CUSTOMER: @141820 Thank you for your interest! You will be notified soon for the OnePlus 5T sale on Amazon.in | CUSTOMER: @115850 Youare cheatet you will sent me perfoum bottle inthe pacakge | SUPPORT: @286029 Considering that the mobile has been launched recently and is available only on flash sale, we have not made an announcement on the available payment options for now. ^RI | CUSTOMER: @AmazonHelp So not available for Todays sale ?.😔😔 | SUPPORT: @141820 Apologies for the inconvenience. Have you reported this to our support team here: https://t.co/vlvfJr4nN9? We'll look into this for you. ^RB | CUSTOMER: @AmazonHelp Do refund or not | CUSTOMER: @AmazonHelp You are teliing you will do refund know you are telling for investiagation 5998my product price given my money back cheater | CUSTOMER: @AmazonHelp I will contact cs please help me personaly | CUSTOMER: @AmazonHelp I nwed monet please give my miney back | CUSTOMER: @146167 Thank you for your interest! You will be notified soon for the OnePlus 5T sale on Amazon.in | SUPPORT: @288324 Kindly refer the product page here: https://t.co/fsmQlKIP1n, to check for any available offers on One Plus 5T. ^MP | CUSTOMER: @115850 It would be even more good, if you offer NoCost emi on #OnePlus5T | CUSTOMER: @AmazonHelp Thank you @115850 | SUPPORT: @141820 I’m sorry about this experience,Ishika. Do not worry. Please share your details here: https://t.co/GIJyeYqKE0 and I'll get in touch with you. ^MK | SUPPORT: @146167 I get your concern about no cost EMI. You may check the availability during checkout process. Do keep us posted. ^SV | SUPPORT: @286029 I understand your concern about the no cost EMI option. I wish I could help you here, but as mentioned earlier, we do not have additional information on this for now. ^RI | CUSTOMER: @115850 CheTers | SUPPORT: @141820 I understand you're upset, Ishika. Request you to please fill in the details in the link mentioned earlier and we'll get this checked. ^MK | CUSTOMER: @AmazonHelp I was given detils thet investigate not issue | CUSTOMER: @AmazonHelp Refund | SUPPORT: @141820 Could you please confirm, submitting your details using the link shared here: https://t.co/D1NpwERFwx. ^MP | CUSTOMER: @143180 Thank you for your interest! You will be notified soon for the OnePlus 5T sale on Amazon.in | CUSTOMER: @115850 Thanks for such a fastest delivery @115850 . Got my Flagship delivered right after the next day I ordered. | SUPPORT: @143180 Woohoo! That's awesome! Thank you indeed for keeping us inspired to do such great work. We appreciate the kind words and we're here to help if you need us :-) ^SV | CUSTOMER: @143579 Thank you for your interest! You will be notified soon for the OnePlus 5T sale on Amazon.in | CUSTOMER: @115850 I have not got my refunded money since I have replaced my order since 5 - 6 days please check | SUPPORT: @143579 Sorry for the inconvenience, Shreyash. Please report this to our support team here: https://t.co/TdDksLo6Mf and we'll look into this. ^MK | CUSTOMER: @115850 Are we going to have exchange offer today on @115850? Please keep, i wanna buy #OnePlus5t with exchange..

@AmazonHelp @132995 #OnePlus5TLaunch #OnePlusPopUp | SUPPORT: @143958 We don't have an announcement on this yet, Ketan. Request you to check the availability of exchange option while placing the order. ^MK | CUSTOMER: @144475 Thank you for your interest! You will be notified soon for the OnePlus 5T sale on Amazon.in | CUSTOMER: @115850 Thanxx ☺ | CUSTOMER: @144787 Thank you for your interest! You will be notified soon for the OnePlus 5T sale on Amazon.in | SUPPORT: @144475 You are welcome, Sharon! | CUSTOMER: @144609 Thank you for your interest! You will be notified soon for the OnePlus 5T sale on Amazon.in | CUSTOMER: @115850 Thanks👍 | CUSTOMER: @115850 Okay for replied me | SUPPORT: @144609 You are most welcome and thank you for reaching out to us today. ^JS | SUPPORT: @144787 It was a pleasure assisting you. Do let us know if you need any further assistance. ^SY | CUSTOMER: @145103 Thank you for your interest! You will be notified soon for the OnePlus 5T sale on Amazon.in | CUSTOMER: @115850 Sir any shoe? | SUPPORT: @145103 I'm sorry, I was unable to comprehend your concern. Could you please elaborate on your concern? ^SY | CUSTOMER: @145231 Thank you for your interest! You will be notified soon for the OnePlus 5T sale on Amazon.in | CUSTOMER: @145223 Thank you for your interest! You will be notified soon for the OnePlus 5T sale on Amazon.in | CUSTOMER: @115850 Thank you @115850 | CUSTOMER: @115850 I'm waiting for that ... | CUSTOMER: @144285 The #OnePlus5T preview sale on Amazon.in starts 12 PM. Are you ready to get #ANewView? https://t.co/ryB7j7wIZE | CUSTOMER: @147144 The #OnePlus5T preview sale on Amazon.in starts 12 PM. Are you ready to get #ANewView? https://t.co/ryB7j7wIZE | SUPPORT: @145231 You're welcome. Appreciate your understanding. ^EM | CUSTOMER: @151184 The #OnePlus5T preview sale on Amazon.in starts 12 PM. Are you ready to get #ANewView? https://t.co/ryB7j7wIZE | CUSTOMER: @115850 I am ready for the new view I bought one plus 5 it's one month old what will do for that so kindly exchange my old one plus 5 and I can buy new one plus 5T with better price. | CUSTOMER: @145381 The #OnePlus5T preview sale on Amazon.in starts 12 PM. Are you ready to get #ANewView? https://t.co/ryB7j7wIZE | SUPPORT: @145223 You'd receive an update anytime soon. Appreciate your patience. ^EM | CUSTOMER: @115850 Yeah absolutely ready to grab one out | CUSTOMER: @145897 The #OnePlus5T preview sale on Amazon.in starts 12 PM. Are you ready to get #ANewView? https://t.co/ryB7j7wIZE | CUSTOMER: @145383 The #OnePlus5T preview sale on Amazon.in starts 12 PM. Are you ready to get #ANewView? https://t.co/ryB7j7wIZE | CUSTOMER: @146146 The #OnePlus5T preview sale on Amazon.in starts 12 PM. Are you ready to get #ANewView? https://t.co/ryB7j7wIZE | CUSTOMER: @115850 I want to trade my oneplus 5 for it. Is that possible? | CUSTOMER: @145717 The #OnePlus5T preview sale on Amazon.in starts 12 PM. Are you ready to get #ANewView? https://t.co/ryB7j7wIZE | SUPPORT: @144285 The list of used products accepted under the Exchange Offer program is dependent on our exchange partners and hence is dynamic. Please refer here: https://t.co/pF7XoNG2HB for more information on exchange. ^AP | SUPPORT: @145383 Sorry, we aren't running any exchange offer now for the phone. ^SI | SUPPORT: @145381 Best of luck with it. :) ^SY | CUSTOMER: @AmazonHelp Thanks | CUSTOMER: @115850 हमारे शहर मे आप के सामान की डिलवरी की व्य्वस्था नहि है 
Sorry  amazon. In | SUPPORT: @145381 You're welcome, Kewal. Do let us know if you need any further assistance. ^SY | CUSTOMER: @AmazonHelp From when will I able to exchange OnePlus 5 for it? | CUSTOMER: @145874 Thank you for your interest! You will be notified soon for the OnePlus 5T sale on Amazon.in | CUSTOMER: @115850 NO EMI Option ? | CUSTOMER: @AmazonHelp NoCost Emi is not available during checkout. Disappointed 😞 | SUPPORT: @145717 The availability of product delivery depends on the serviceability of pin codes and the courier availability. We'll surely take these comments as a feedback and work on it and improve our services further. ^SF | CUSTOMER: @115850 I want to know about Dell Monitors | CUSTOMER: @115850 Was just going thru your stuff n I clicked it then later I saw it that you will notify | SUPPORT: @145897 All the available payment methods for the product are visible on the product details page. Kindly check for the same here: https://t.co/mnHAjyU5Lc. ^AP | SUPPORT: @145383 I'm sorry we do not have an announcement. Kindly stay tuned to our website for an update! ^EM | SUPPORT: @145874 In case you'd prefer to unsubscribe to the notification emails, kindly refer here: https://t.co/gSQdLwuBBD. ^AP | SUPPORT: @145874 Thanks for your interest. Here is the link: https://t.co/9UU7GQSt5S for Dell monitors with some interesting features. ^JS | CUSTOMER: @115850  https://t.co/ro8EDPqKhH | SUPPORT: @146167 No Cost EMI is available for specific tenures on select products, sold by participating sellers. You may refer to the link here: https://t.co/KcSbMgxRgY for more info. ^GK | CUSTOMER: @7732 Thank you for your interest! You will be notified soon for the OnePlus 5T sale on Amazon.in | CUSTOMER: @115850 @7732 Hey | SUPPORT: @146146 Please don't provide your order details, as we consider them to be personal information. Our page is visible to the public. ^GK | SUPPORT: @146430 Hi, how way we help you today? ^VM | CUSTOMER: @AmazonHelp मेरे को morning waking के लिये 
Sports ट्रेक सूट चाहिये | CUSTOMER: @115850 Missed it...will it be available only for one hour everytime? Becomes inconvenient as people would not b free right in the middle of the day | SUPPORT: @147144 I'm sorry you weren't able to place your order for the One plus 5T. The deal lasts till it has been 100% claimed and doesn't have a specified time frame. ^AP | CUSTOMER: @147314 Thank you for your interest! You will be notified soon for the OnePlus 5T sale on Amazon.in | CUSTOMER: @115850 Any exchange offers for oneplus5 | SUPPORT: @147314 Considering that One plus 5T in on flash sale, we do not have any information regarding the availability of exchange option. ^KA | CUSTOMER: @115850 @115850  Do we have an exchange offer for OnePlus 5T . I own a OnePlus 5 | SUPPORT: @147591 We don't have buyback promotion running on One Plus 5T. The Exchange Offer is currently applicable only on select Mobile phones. You can probably try again later to check if the product becomes available for exchange.  ^PJ | CUSTOMER: @147576 Thank you for your interest! You will be notified soon for the OnePlus 5T sale on Amazon.in | CUSTOMER: @115850 Sir any Idea when it will be out | SUPPORT: @147576 The sale is next scheduled on November 28, 2017. You can find the information here: https://t.co/Fmg16OXz31. ^AP | CUSTOMER: @115850 Sil batta hai? Kab se poochh rahi hu 😖😖 | SUPPORT: @151183 You may find the product here: https://t.co/siczi0gGez. ^GD | CUSTOMER: @151600 Thank you for your interest! You will be notified soon for the OnePlus 5T sale on Amazon.in | CUSTOMER: @115850 gift me a one too i have been participating since long in ur quiz, this tym also it will be grateful to use #OnePlus5T . a request by a regular customer | CUSTOMER: @115850 Amazon is a cheater. I paid for 3D Blu-Ray movie. Instead I get a normal Blu-ray movie of half the price. On returning they again sent normal movie instead of 3D movie. | SUPPORT: @151600 I'm afraid we do not have such option. However, you may take the advantage from the deals and offers on our website. ^HS | CUSTOMER: @AmazonHelp Thanks but yeh wala nahi 😭 | SUPPORT: @152011 We apologize for the mismatch. Have your reported this to our support team here: https://t.co/rS49hgaADF? Do keep us posted, we'll guide you accordingly.  ^VH | CUSTOMER: @AmazonHelp What is the use now. I've already reported and returned the product for exchange. But again I received a different product. Your seller seems to be fraud. 
Now I'm not interested in returning it again. But people must know.b | SUPPORT: @152011 We're sorry for the poor experience you have had with the market place order, we would like to help you with the available options, if you are looking for any help. Appreciate your understanding. ^MJ | CUSTOMER: @115850 Naah.  Not at all interested in @132995 5T. Please make iPhone X available on @115850 @115858 @AppleSupport | CUSTOMER: @AmazonHelp Ok | SUPPORT: @153413 Any offers or products which are available will be displayed on our website. However, I'll make sure to forward your feedback internally. ^SM | CUSTOMER: @AmazonHelp the quiz which is held on @115850  is it genuine.. Did any one get it. | SUPPORT: @151600 Yes it is, and the winners list will also be updated on our website too where all the customers will be able to check it. ^SM | CUSTOMER: @AmazonHelp hope for the well..#crossfingers | CUSTOMER: @115850 Thanks to booked my op5T I hope it will be delivered as fast as becoz delivery date of one plus 5 T is 4 th December so how is it? | SUPPORT: @158565 Congratulations for the new mobile! All the packages are shipped on time so that it reaches you by estimated delivery date. Request you to wait till the same. Do keep us posted if you have any further concerns. ^SM | CUSTOMER: @365386 Thank you for your interest! You will be notified soon for the OnePlus 5T sale on Amazon.in | CUSTOMER: @115850 All fake special offers which I didn't get in one plus 5, same is displayed on 5T😂😂😂 | SUPPORT: @203465 All the offers are genuine. If you haven't received any of the benefits, please contact us here: https://t.co/YEjpVBTScD and we'll be happy to help. ^SH | CUSTOMER: @115850 Offer of the millennium to save Re.1
Just wow😱😱 https://t.co/H2FDLy4RAt | SUPPORT: @295856 Pricing and offers are decision of the sellers. The constantly changing marketplace and our efforts to offer you the lowest price, may result in fluctuations in our prices over time. ^AP | CUSTOMER: @115850 big fraud company no solution till in one month https://t.co/3KReyirAWB | CUSTOMER: @320602 Thank you for your interest! You will be notified soon for the OnePlus 5T sale on Amazon.in | CUSTOMER: @115850 Showing out of stock 🤣 | SUPPORT: @291987 I'm sorry your concern hasn't been resolved yet. Please share your details here: https://t.co/beaaDm0muc we'll look into it and reach out to you soon. 
Also, please don't provide the order details, as we consider it to be personal information. ^AP | SUPPORT: @320602 Oneplus 5T is currently available only through the exclusive sale. The next sale is scheduled for 28th November, 2017. For more information about the sale, kindly refer here:https://t.co/pVL8GtrII3 ^EM | CUSTOMER: @354487 Thank you for your interest! You will be notified soon for the OnePlus 5T sale on Amazon.in | CUSTOMER: @115850 thank u...😋😋 | CUSTOMER: @115850 You are most welcome i need one phone for reviewing on my YouTube channel @132994 @132995 thank you 🙏🏻 | SUPPORT: @354487 You are most welcome and thank you for reaching out to us today. ^JS | CUSTOMER: @115850 Please take back my one plus 5 and give me the T. | SUPPORT: @365386 I understand that you wish to review the mobile. Kindly, drop your details here: https://t.co/beaaDm0muc and we’ll contact you soon. ^BV | SUPPORT: @385302 Would be glad if we get the exchange for the product as I've waiting for the same! :P ^AP | CUSTOMER: @115850 Loved your new DP. It's awesome as you guys. | SUPPORT: @162541 That's awesome to hear. What else do you like about us ? ^AS | CUSTOMER: @AmazonHelp Everything. There is nothing to hate about you guys .. You guys are awesome. Keep the love flowing 😀 | CUSTOMER: @AmazonHelp The only sad part is I have never won any of your online contests. Don't know why? So sad and I'm the most unluckiest one in this globe. | SUPPORT: @162541 We'd like to put a smile on that face :) Please share your details here: https://t.co/CLMdu2603d. ^AS | CUSTOMER: @AmazonHelp I did. What is it about? My fingers crossed 🤞 | SUPPORT: @162541 It's a surprise and it wouldn't remain one if we tell you now. ^AS | CUSTOMER: @AmazonHelp Thanks a ton. Can't wait to know what it is ? May I know when will you guys reveal it ? | SUPPORT: @162541 You'll hear from us when the time is right. 😉 ^AS | CUSTOMER: @AmazonHelp 😀 . Please please please tell me how long will it take ? Please | CUSTOMER: @115850 I am still searching for my 3000 rupees from amazon. Its been more than a month. Its a betrayal of trust! | SUPPORT: @335267 I understand the refund issue you are facing. Please reply to the email sent to your registered email account by the social media team for further assistance. ^PJ | CUSTOMER: @115850 what about the illusion of quality? | SUPPORT: @385266 I wasn't able to comprehend your concern. I would like you to elaborate so that we can help you accordingly. ^MK | CUSTOMER: @115850 You don't deliver to Imphal , Manipur 795001. Even though I am prime member. So not buying one...till you deliver. | SUPPORT: @125691 Due to certain regulatory and operational restrictions, we're unable to offer delivery services at some pin codes. We are working on expanding our services. ^NR | CUSTOMER: @115850 @115850 is one of the best app in the world | SUPPORT: @116921 Appreciate your kind words, Dhiraj. Enjoy your weekend. :) ^MK | CUSTOMER: @AmazonHelp But that’s not an excuse. You delivered in 2014, 2015...it’s from 2016, 2017 you have changed your policy towards Imphal Manipur. I had bought Samsung galaxy, s2 from you...and you delivered through blue dart. Blue dart is still here. | CUSTOMER: @AmazonHelp Thank you so much once again for kinds of word | CUSTOMER: @AmazonHelp Last time I had to buy Oneplus 3, one plus 5 reroute it through a friend in Delhi who then brought the mobiles to me. How much indignity you are going to continue to your customer who are in Imphal Manipur? You who is a billion dollar company? | CUSTOMER: @AmazonHelp And adding to the insult is this : eBay,snapdeal, Myntra and flipkart still delivers. | SUPPORT: @116921 You're welcome Dhiraj. :) | CUSTOMER: @AmazonHelp Will you follow me on twitter | SUPPORT: @125691 I understand your concern. I've noted your comments and have forwarded your feedback internally. ^MO | CUSTOMER: @AmazonHelp Thank you. But I don’t expect any change in your policy. I know because I have complained much about this through your app, e-mails etc. so this time I am not buying anything till your policy changes. And there is no dearth of couriers. | SUPPORT: @125691 I get you being upset. I'll be sure to forward your feedback internally. Appreciate your understanding. ^MK | CUSTOMER: @AmazonHelp It’s actually not “upset”....the feeling is rather “insult” that you treat us , those who live in 2nd tier or 3rd tier cities. It’s actually a feeling of “incredulity “ that a billion dollar company is not able to streamline logistics | CUSTOMER: @AmazonHelp @115851 I bet you won’t like to take any interest on this....... | SUPPORT: @125691 Certainly not the kind of experience we'd like to cater. We'll make sure to work on your feedback. ^MO | CUSTOMER: @AmazonHelp Thank you for acknowledging that. But I am not keeping my fingers crossed ....😀😀😀😀....have seen much to be very optimistic. Lol. | CUSTOMER: @499340 Thank you for your interest! You will be notified soon for the OnePlus 5T sale on Amazon.in | CUSTOMER: @115850 Thanks @115850 | SUPPORT: @499340 You're welcome :) ^BS | CUSTOMER: @564628 Thank you for your interest! You will be notified soon for the OnePlus 5T sale on Amazon.in | CUSTOMER: @563804 Thank you for your interest! You will be notified soon for the OnePlus 5T sale on Amazon.in | CUSTOMER: @115850 But I want I phone as a gift... On my birthday.. Don't want to purchase it | CUSTOMER: @115850 You guys didn't do what you promised last time we did a Twitter conversation ... Hope to get justice this time | SUPPORT: @563804 I understand. It is completely your choice :) You may go ahead and place an order for iPhone. We will deliver the order as per the estimated date. ^BS | SUPPORT: @564628 Could you please let us know more about what went wrong? We'll definitely look into it. ^PS | CUSTOMER: @569444 Thank you for your interest! You will be notified soon for the OnePlus 5T sale on Amazon.in | CUSTOMER: @115850 Thanks guys | CUSTOMER: @576122 Thank you for your interest! You will be notified soon for the OnePlus 5T sale on Amazon.in | CUSTOMER: @115850 Okk
But when it actually start | SUPPORT: @569444 You are most welcome and thank you for reaching out to us today. ^JS | SUPPORT: @576122 OnePlus 5t exclusive sale will start on 28th November 2017. Stay tuned to get #ANewView. ^AR | CUSTOMER: @AmazonHelp Bhai birthday ka mean smajhte ho Naah | CUSTOMER: @596982 Thank you for your interest! You will be notified soon for the OnePlus 5T sale on Amazon.in | CUSTOMER: @115850 Hii | CUSTOMER: @AmazonHelp https://t.co/IM78WK6AEw .... Here is the last conversation we had... Please have a look | CUSTOMER: @AmazonHelp I was expecting something at my doorstep ... But there was/is nothing till date | SUPPORT: @596982 Hello Umesh. How may we assist you today?  ^RI | CUSTOMER: @AmazonHelp I can't wait to know what it is. Please tell me . At least a clue. Please guys. 😋😑 | SUPPORT: @564628 You'll hear from us when the time is right. :) ^YP | CUSTOMER: @621845 Thank you for your interest! You will be notified soon for the OnePlus 5T sale on Amazon.in | CUSTOMER: @115850 @115850  sending u my address for oneplus 5t | CUSTOMER: @621841 Thank you for your interest! You will be notified soon for the OnePlus 5T sale on Amazon.in",@621841 Pleasure is all ours for showing the interest in placing the order with us. ^MN,OTHER / UNCLEAR
golden-040,"Great game, eh @115821?   #TNF #NEvsTB https://t.co/D30VFqRN4Y",,@180626 I'm sorry you're experiencing issues! Have you tried these suggestions: https://t.co/xP6rnLiw1e? Which device is this on? ^MV,OTHER / UNCLEAR
golden-041,@123813 Tienen Family Guy y American Dad?,"CUSTOMER: ¡Ya ha llegado https://t.co/RVrBkQgdSR - Series, Películas y mucho más! https://t.co/nQgBvGrG8G | CUSTOMER: @123813 Cuándo podré ver la siguiente temporada de Mr.Robot ya que no está disponible para la región 😡 | SUPPORT: @123812 Hola, apenas esté disponible el contenido será anunciado directamente en la página web. Mantente atenta 😉 ^LG | CUSTOMER: @123813 Se puede ver en Roku? | SUPPORT: @124162 Hola, puedes verificar los dispositivos compatibles con el servicio en el siguiente enlace: https://t.co/u6klHu6q0r.^KS","@124855 Hola Super, puedes ver todo nuestro catálogo directamente en el sitio web de https://t.co/994EpRLnSJ. ^LG",Product & Digital Services
golden-042,@AmazonHelp Now its been so many days. Refund now and ban the seller.,"CUSTOMER: @115850 seller doing fraud, ordered 3.0 SanDisk 32gb PD whch got cncld &amp; thn I got delivry of transcend 2.0 pd, need full refund https://t.co/T8rHwmvPIS | SUPPORT: @162540 Please don’t provide your order details, we consider it to be personal info. Our Twitter page is visible to public. 2/2 ^MA | CUSTOMER: @AmazonHelp Ok, but need help regarding this. | SUPPORT: @162540 Please share your details in the link and we'll look into it. ^NR | CUSTOMER: @AmazonHelp You shared this link to me which opens contact us page.
Already contacted even tweeted, I paid you 500 rs on 22 sept, ban seller &amp; refund. https://t.co/P6swGHajpA | SUPPORT: @162540 Sorry about this inconvenience. Please share your details here: https://t.co/GIJyeYqKE0 and I'll get in touch with you. ^HD | CUSTOMER: @AmazonHelp Done. | SUPPORT: @162540 Thanks for sharing your details in the link. We'll get back to you with an update shortly. ^SQ | CUSTOMER: @AmazonHelp Hi its been so many days, when will u refund? No support yet. | SUPPORT: @162540 We've sent you a correspondence. Kindly check the same here: https://t.co/ubzNHWZvL2 ^SG",@162540 We're working on your issue and we'll get in touch once we receive an update from our team. Appreciate your patience. ^SQ,Seller & Marketplace
golden-043,@AmazonHelp 6 different emails about the same order and none actually resolve the issue. You should be quite ashamed.,"SUPPORT: @118701 We've sent the correspondence to your registered email ID. Kindly check it here: https://t.co/8DAc10S7ww ^GK | CUSTOMER: @AmazonHelp After getting a confirmation that it will be delivered post 7 pm, i have got an email at 1:30 in the afternoon that i was not available ! | SUPPORT: @118701 We're following up on this. We'll check this and update you. ^SG | CUSTOMER: @AmazonHelp This has been the most frustrating and useless customer service ever. | SUPPORT: @118701 Sorry about the bad experience, Manak. I'll be sure to pass along your feedback internally. ^MS | CUSTOMER: @AmazonHelp I am now cancelling this order because your delivery service just sucks despite prime membership. Switching to @118702 for future. | SUPPORT: @118701 Sorry for the unpleasant experience with the delivery of your order. Request you to write back to the email (1/2)^SQ | SUPPORT: @118701 you've received from our team and we will get back to you with the latest update on your issue. (2/2)^SQ | CUSTOMER: @AmazonHelp I have asked the customer care exec on phone to cancel the order. Don't want to waste any more of my time on this. | SUPPORT: @118701 I'm sorry about the trouble Manak. Kindly reply to the email sent by our team for further assistance. ^GD | CUSTOMER: @AmazonHelp May i just add that realising NO ACTION HAS BEEN TAKEN on my complaint is not much fun. Worst customer care EVER ! https://t.co/bHOHPNnZFA | SUPPORT: @118701 Apologies for the experience, Manak. Please reply to the email sent to your registered email. We'll check &amp; assist. (1/2) ^SV | SUPPORT: @118701 Please don't provide your order details, we consider it personal information. Our Twitter page is visible to public. (2/2) ^SV | CUSTOMER: @AmazonHelp Thanks. I wish the same degree of concern were shown about my complaint though. | SUPPORT: @118701 Could you please confirm if you have replied to our email? ^MK | CUSTOMER: @AmazonHelp I have. And I have spoken to customer care again on chat. | SUPPORT: @118701 If you've replied to the email sent by us, we'll check and get back to you with an update shortly. ^NR | CUSTOMER: @AmazonHelp I had replied almost as soon as you posted about the email and sent it. I want to know what action has been taken on my complaint. | CUSTOMER: @AmazonHelp so far, I only keep getting hollow assurances that I will not face this issue again. Don't need assurances, need the product i ordered! | SUPPORT: @118701 Sorry to know about the delivery issue. As you've confirmed sharing your details, you should've received an email from (1/2)^KA | SUPPORT: @118701 our team. Please check and reply, we'll get back. You may check the email here: https://t.co/NTkrxpsbHJ (2/2) ^KA",@118701 Please reply to the email received from our team. We will check and connect with you accordingly. ^RW,OTHER / UNCLEAR
golden-044,@AmazonHelp I've sent a message.  Please check and revert.,"CUSTOMER: @115850 hey I need help regarding my order. | SUPPORT: @131787 We'll certainly help you with your concern, Adit. Could you please elaborate on the issue? ^SY",@131787 We have responded to your DM. ^SF,OTHER / UNCLEAR
golden-045,"@AmazonHelp 登録しました！
ちなみに、学生ではない方で登録したのですが
先程の月額400円ですよね？
動画などいくら観ても大丈夫ですか？ https://t.co/D4Wi1SWYbB","CUSTOMER: @AmazonHelp 
これは、契約したら月400円って
ことで書いてある通りで大丈夫ですか？ https://t.co/UzyaLIHhme | SUPPORT: @134044 はい、Amazonプライムの月間プランは月額400円(税込)です。ご登録から30日間は無料体験となり、その後有料会員へ移行いたします。特典はこちらです、ご参照ください。https://t.co/jGHC0scZcv ET https://t.co/LG29FW9QZQ | CUSTOMER: @AmazonHelp 学生なのですが、一般の方の方と値段と無料試し以外で違いとかは、あるのでしょうか？ | SUPPORT: @134044 Prime Student とAmazonプライムの違いでしょうか？
まず、Studentに月額プランはありません(年会費1900円)。また、Student【無料体験中】は、プライム・ビデオ、Prime Music、Kindleオーナーライブラリーはご利用いただけません。(有料会員の場合は利用可)　https://t.co/sIZrgbfmH8　SM | CUSTOMER: @AmazonHelp スマホからの登録は可能ですか？ | SUPPORT: @134044 はい、スマートフォンからでもご登録いただけます。　SM | CUSTOMER: @AmazonHelp ありがとうございます！
登録してみます٩꒰⍢ ꒱۶ | SUPPORT: @134044 お手数をおかけしますが、よろしくお願いいたします！😉 EK","@134044 恐れ入りますが、Twitter上ではお客様のアカウントを確認することができません。こちらのページでプライム登録状況をご確認ください。（会費プランの欄をご覧ください）https://t.co/tAZnIEswJA
プライム・ビデオ対象作品は、追加料金なしで見放題です。https://t.co/DihUThnyJO RI",Prime & Subscription
golden-046,@AmazonHelp Today,"CUSTOMER: @115821 guaranteed delivery time on target has taken a noticeable turn for the worse. Several of my past few packages have been delayed at the last minute by days. | SUPPORT: @167342 So sorry to hear this! We're here to help in any way we can. Have you noticed any patterns from any particular carrier? ^BL | CUSTOMER: @AmazonHelp Typically this seems like it happens with AMZN. But honestly I have no idea or interest. This is what I normally see: https://t.co/5ZEnsEHGwV | SUPPORT: @167342 Just to confirm, what was the delivery date provided in your confirmation e-mail? You can check for this information here: https://t.co/3U4pjSRH9V ^BH","@167342 I'm sorry for the recent delays. That isn't what we want for you, or any customer. When you have a moment, please reach out to us here so that we can investigate the delays and what options are available.  https://t.co/hApLpMlfHN ^EA",OTHER / UNCLEAR
golden-047,@AmazonHelp just tried your call centre but there is no option other grievance,"CUSTOMER: @115850 pathetic service amazon India. Made a mistake by selecting amazon. | SUPPORT: @121902 That's quite a comment. Looks like you had an unpleasant experience with us. (1/2) ^VM | SUPPORT: @121902 Could you elaborate the query? We'd like to help. (2/2) ^VM | CUSTOMER: @AmazonHelp true, if not then why should I tweet. You guys are just making us fool | SUPPORT: @121902 I understand you're upset. Please do let us know what went wrong, we'd like to assist you. ^EM | CUSTOMER: @AmazonHelp can someone from your team call me. | SUPPORT: @121902 You may reach out to our support team via phone/chat/email here: https://t.co/2t6DQoUmNZ. ^MM | CUSTOMER: @AmazonHelp tried but it's not happening. This is what is service level. When someone asking for call back you guys showing different way | CUSTOMER: @AmazonHelp purely nonsense | SUPPORT: @121902 As this is a social media platform, we can't view your account/order details. (1/2)^HR | SUPPORT: @121902 Could you please let us know what went wrong while trying to reach us? (2/2)^HR","@121902 Please share the required details, here: https://t.co/GIJyeYqKE0 and we'll check this for you. ^YP",OTHER / UNCLEAR
golden-048,@115850 Thankyou #Amazon.in 🤗,"CUSTOMER: Watch amazon and Nokia #UniteFor #Fun by bringing the sensational new Nokia 6 to fans all across India. #AmazonExclusive | CUSTOMER: @115850 Service pathetic | SUPPORT: @173105 That's quite a remark. Could you please let us know where we went wrong so that we can assist you further? | CUSTOMER: @AmazonHelp Return req placed 14/9/17 still pending pathetic service only adv nothing else ridiculous no one called to take return paid the money tho | CUSTOMER: @AmazonHelp Only a single mail recvd post return request rest is silence. Who can help me ? Patiently waiting as we r on da recvg end | CUSTOMER: @115850 Very bad delivery service | SUPPORT: @169997 That's quite a remark. I would like to help! May I know what went wrong? ^HR | CUSTOMER: @115850 Love the new phone... absolute delight to use | SUPPORT: @171263 Thanks a bunch for keeping us posted. We really appreciate this sweet gesture. ^CB | CUSTOMER: @115850  https://t.co/UeIAdurHtJ | SUPPORT: @183162 Looks like you received a defective product from our website. Let us investigate this further and help assist. (1/2) ^VM | SUPPORT: @183162 Please reach us via https://t.co/r8OjOjMdND and we'll look into this for you. (2/2) ^VM | CUSTOMER: @115850 Pls don't buy worst Nokia experience | SUPPORT: @202398 Looks like you had unpleasant experience Please let us know what went wrong so that we can help you out. ^NK | CUSTOMER: @115850 Poor response from Amazon customer delivery service network.fake date committed from Amazon same day delivery this still pending  last week | SUPPORT: @195477 Sorry about the delay. I'd like to take a closer look. Please share your details here: https://t.co/GIJyeYqKE0. ^HD | CUSTOMER: @115850 Increase the exchange phone prise after checking condition | SUPPORT: @286509 The exchange value/discount offered on the new product is provided by our Buyback partners, and decided upon based ^KS 1/2 | SUPPORT: @286509 on the condition of the used product that you want to exchange. ^KS 2/2 | CUSTOMER: @115850 Plus the fact that it never gets delivered and they make false claims and promises and leave silly customer care kids to do prrot talk | SUPPORT: @181479 Kindly fill in your details using the secure link provided earlier, we'll get back to you soon. 2/2^AP | SUPPORT: @181479 I understand your concern. However, as mentioned earlier, we'll not be able to access your account via Twitter. 1/2^AP | CUSTOMER: @AmazonHelp As mentioned earlier 3 mails have been sent including ur MD. get your facts right and then comment. Show some sense in talking with facts. | CUSTOMER: @115850 My sister gifted me redmi worfs are jumping press very hard or miss or type one words print other gving my sister back in eight days sad | SUPPORT: @181479 To help you the best with this, Kindly fill in your details from the secured link provided earlier. ^KS | CUSTOMER: @115850 I think I got gift for my big brother.. 🤘🤘 just at right time. | SUPPORT: @310868 Apologies, Anju. Request you to contact our support team here: https://t.co/hoddG0v35q from the account the order was 1/2 ^NK | SUPPORT: @310868 placed so that we can assist you further. 2/2 ^NK | CUSTOMER: @AmazonHelp Unbelievable. Still on it. U win on stupidity. Carry on with it. No wonder customers are backing off amazon. @115821 | SUPPORT: @181479 I'm afraid we'll not be able to provide any insight until the details are shared. ^SG | CUSTOMER: @AmazonHelp Thanks i will forward. Sister as she bought it for me thanks for quick response | SUPPORT: @296494 That's awesome :)  Happy Birthday big brother ! 🎁 🎊 ^MK | SUPPORT: @310868 Do keep us posted in case of any issues. ^SM | CUSTOMER: @AmazonHelp One correction it not his birthday I just wanted to surprise him with new phone this diwali for his hard work 🤘😇 | CUSTOMER: @115850 My last product nt delivrd. No action frm #CustomerCare aftr many complaints. Will not use amazon again. Terrible #CustomerExperience | SUPPORT: @214943 Apologies, Sumana. I’d like to assist you. Please fill this form: https://t.co/cllwXc2HeK and I’ll contact you soon. ^NK | CUSTOMER: @AmazonHelp Did that many times earlier to no avail, so just decided to give up Amazon | SUPPORT: @214943 I'm sorry you feel that way. If you've replied to our email, I'm sure you would have received a revert from us. ^VM | CUSTOMER: @AmazonHelp Great no need.Espcially when 20 tweets are shared telling u mails have been written.This is amazon for u@Gadgets360 @348 @132995 | SUPPORT: @181479 We wouldn't be able to access your details here, as Twitter is a public platform. I request you to kindly drop (1/2) ^PR | SUPPORT: @181479 your details through the form mentioned above. 2/2 ^PR","@318593 You are welcome, Raj! Could you confirm if you have provided your details? Please keep us posted. ^SF",OTHER / UNCLEAR
golden-049,@AmazonHelp Tried and no support from any of your team. Kindly send me new product against this defective product.,"CUSTOMER: @115850 @AmazonHelp warranty by manufacturer, but no contact details of manufacturer! RUBBISH   Amazon deals for Chor companies https://t.co/0T2yb35KGz | SUPPORT: @170106 Kindly reach out to our support team here: https://t.co/2t6DQoUmNZ, we'll hellp you with the details. ^AP | CUSTOMER: @AmazonHelp I cant find any support or contact details of manufacturer | SUPPORT: @170106 Sorry to hear that. Have you tried connecting to our support team as intimated earlier? ^AB",@170106 I'd like to take a closer look. Please share your details here: https://t.co/GIJyeYqKE0 and I'll get in touch with you. ^HD,Item Problem
golden-050,@AmazonHelp @115821 haven't received any correspondence,"CUSTOMER: @115850 received a message saying am not reachable and package delayed. So much for @117795 membership. @AmazonHelp | SUPPORT: @158497 I'm sorry about this. Please reach out to our support team here: https://t.co/Jd9sCLO8PT and we'll sort this out. ^SH | CUSTOMER: @AmazonHelp even after #prime and repeated customer calls, didn't get the package in time. Very unlike @115821 | SUPPORT: @158497 I'm sorry about the delay. Kindly drop in your details here: https://t.co/beaaDm0muc and we'll have this resolved for you. ^GK | CUSTOMER: @AmazonHelp @115850 you have made a joke of delivery. Delayed for every order in the past 2 weeks, even after prime subscription | SUPPORT: @158497 I'm sorry for the delay. We truly don't want our customers to experience this. Please provide your 1/2 ^SH | SUPPORT: @158497 details here: https://t.co/C04tirAwIy I'll look into the issue and get back to you. 2/2 ^SH | CUSTOMER: @AmazonHelp I doubt you can help. We had 3 conversations last time, just assurances | CUSTOMER: @AmazonHelp even the form looks intimidating. When you ask phone# why is the URL to twitter message needed.  Can you PM | CUSTOMER: @AmazonHelp @115850 even customer care callback has IVR saying it will be delivered today. The courier guy says it won't. | CUSTOMER: @AmazonHelp @115850 any way to speak to an agent and get pleased with some false assurances? | SUPPORT: @158497 Kindly copy this: https://t.co/iuYaRiHslQ and paste it in the URL field. ^NS | CUSTOMER: @AmazonHelp @115821 great. Couldn't have been more customer pro UX | SUPPORT: @158497 Please let us know if you are still facing issues while sharing your details using the link provided. We'll assist. ^GS | CUSTOMER: @AmazonHelp @115821 on call with your team. Trying to cancel order and prime membership. They are insisting to charge for late delivery too. | SUPPORT: @158497 Request you to fill the form marking URL field as 'NA' so that we could check this for you. ^GS | CUSTOMER: @AmazonHelp @115850 nevermind. Spoke to your ccare... as clueless as they can be. We'll escalate promise. | SUPPORT: @158497 Please share your details in the link provided to you earlier and we'll help you with this. ^SQ | CUSTOMER: @AmazonHelp @115821 @115850 2 days delayed now. 2nd time in 2 weeks. Presenting to you #prime delivery. Beats me. | SUPPORT: @158497 We understand there has been an inconvenience. However, for us to assist you better,(1/2) ^VM | SUPPORT: @158497 please reach us via the link provided earlier and we'll reach out to you soon. (2/2) ^VM | CUSTOMER: @AmazonHelp @115850 already sent details in your regular form | CUSTOMER: @AmazonHelp @115850 look at the message trail for the past 2 weeks and you may realize how frustrating it is. Very very unlike @115821 | CUSTOMER: @AmazonHelp @115850 already provided. No response. No resolution. Stop sugar coating please | SUPPORT: @158497 That's unusual. If you've already replied to the email sent by our team we request (1/2) ^VM | SUPPORT: @158497 you to  wait as they would get back to you soon with an update. (2/2) ^VM | CUSTOMER: @AmazonHelp @115821 that's what am doing everytime I place an order. Can you tell me what's #prime meant for ? | SUPPORT: @158497 I just checked and we have received your details. We will reach out to you soon. ^GK | CUSTOMER: @AmazonHelp @115850 and today it's finally delivered. 3 days late. | SUPPORT: @158497 Sorry about the stretch, Sharad. I'll be sure to forward your feedback internally and work on it. ^MS | CUSTOMER: @AmazonHelp @115850 don't be. You know what... am not home and God knows where the delivery has been made. Feel proud!!! #CustomerService | SUPPORT: @158497 I'm terribly sorry for this situation. Kindly revert to the email sent to you by our team and we'll connect with you on this. ^MP | CUSTOMER: @AmazonHelp don't feign ignorance. for this long chain and so many conversations don't tell me I got to fill the form again.,\ | CUSTOMER: @AmazonHelp @115850 I'm terribly FRUSTRATED for this situation. Kindly revert to the email sent to you by ME and connect with ME on this. | SUPPORT: @158497 We will reach out to you soon. 2/2^SB | SUPPORT: @158497 We would not be able to reach out to you via twitter. Please reply back to the correspondence which we have sent. 1/2^SB",@158497 If you aren't able to find the email kindly fill your details here:  https://t.co/4YzqNlnZkr ^SH,OTHER / UNCLEAR
golden-051,#Amazon who packages these games. Ordered to games and both came rattling inside their cases. One is broken. Games may have suffered scratches. @115821 https://t.co/KqpOkpLeP8,,@116912 I'm sorry your items arrived in these conditions. Let's explore your return or replacement options here: https://t.co/RbboDygtAu ^GG,Item Problem
golden-052,尼が地方で発売日にこないというか法則がわかった。アマゾン限定の特典がついとるやつは、東京(関東発)で発売日に発送になってる。だから、ラベとか今回の娘。とかのポストカード、クリアファイルついてるやつは遅いんだな。,,@168221 リプライ失礼いたします。発売日／発売日前日のお届けの対象となるのは、「発売日／発売日前日のお届け対象商品」をお急ぎ便でご注文いただいた場合となっております。詳しくは、こちらをご参照ください。 https://t.co/f3TKbgOOgv YM,Delivery & Tracking
golden-053,@AmazonHelp In my recent order of worth 11k.. I had no option to pay via card. No machine available with delivery personnel. Going back to stone age? #delhivery,,@138636 MPOS devices are provided depending on their availability for a COD order shipped by Amazon Transport Services. While we're unable to guarantee the availability; request you to have the requisite cash ready when receiving the order.^GD,Payment & Charges
golden-054,"@AmazonHelp https://t.co/uepE9W0fzy
Die Bonbons die jede(r) Vielbahnfahrer(in) kennt! :3","CUSTOMER: Hey @AmazonHelp 
Ich war an dem gesamten Tag nicht zuhause und habe in meinem Briefkasten auch keine Benachrichtigungskarte... https://t.co/GYS9FcakT6 | SUPPORT: @125875 Hi, bitte informiere die Kollegen darüber: https://t.co/ohyvGrpvrY Diese überprüfen gerne, wo dein Paket abgeblieben ist. ^SI | CUSTOMER: @AmazonHelp Ich hab euch mal gemailed :)
Laut Tracking Nr ist das Paket bei einem Nachbarn (im selben Haus) gelandet, welchen ich nicht finden kann. | SUPPORT: @125875 Vielen lieben Dank für deine Mühen! Ich hoffe sehr, dass du deine Lieferung bald in deinen Händen halten kannst. :) ^SI | CUSTOMER: @AmazonHelp Ich auch.
Ich mag diese Bonbons verdammt gerne und ich habe keine mehr! :&lt; | SUPPORT: @125875 Ohne meine tägliche Süßigkeitenration werde ich zum bösen Gremlin. 🍪 Jetzt hast du mich neugierig gemacht, welche Bonbons? 😁 ^SI","@125875 Jetzt kann ich die Dringlichkeit noch besser nachvollziehen. 🍬😍 Ich hoffe, dein Zuckerschock-Pegel ist noch im grünen Bereich? 😅 ^SI",OTHER / UNCLEAR
golden-055,@115850 please upgrade servers. Amazonpay balance never gets updated in 15 mins. your customer care asks to wait for 2-4 hours. shabby!,,@170817 Thank you for flagging this; I've noted your comments and forwarded them to the team internally for further review. ^AP,Payment & Charges
golden-056,@115821 I made an order with prime delivery and it was supposed to arrive 2 days ago but I'm still waiting. When I'm paying for a service I expect to have it!,,"@143398 I'm so sorry for the frustration with your order! Just to confirm, which amazon website did you purchase from?  ^DG",Delivery & Tracking
golden-057,"@AmazonHelp See if you can make sense of it? 

Thank you for your help","CUSTOMER: My Rationale CD didn’t come by Royal Mail 😩 So here’s me grabbing onto the final glimpse of hope that @115830 uses a carrier pigeon 🤦🏼‍♀️ | SUPPORT: @183548 Hi, sorry to hear that. What carrier is delivering your item: https://t.co/aaDyEz1VgE? ^JJ | CUSTOMER: @AmazonHelp It just says Amazon Shipping? It says that it’s out for delivery and had an email saying I will receive it today. Can I DM you the order #","@183548 We're not able to access account info via Twitter, and deliveries are made until 21:00. Keep us updated on the delivery! ^JE",OTHER / UNCLEAR
golden-058,"@116090 Hi, I'm in Toronto. If I'm ordering a snow blower, which carrier will it ship out with? https://t.co/P40IbHmeUM",,"@140821 Our orders are shipped through multiple carriers, and we're not able to tell which carrier an item will ship through until after an order is placed and is processed for shipment. I'm sorry for the inconvenience. ^GR",Delivery & Tracking
golden-059,"@AmazonHelp Oh you are so considerate, then why can't you treat the orders you take with same consideration, #Awful customer service","CUSTOMER: @AmazonHelp  where does a customer goes to share his/her concerns about the fullfillment centre | SUPPORT: @119907 Could you please elaborate your concern about the fulfillment center so that I can assist you accordingly?^SF | CUSTOMER: @AmazonHelp #unprofessional order id # 
403-7503264-7181114,403-8300003-6354735,403-5491238-8117144 | CUSTOMER: @AmazonHelp Being #harrassed by the delivery guys for days, reached out to customer service multiple times but hardly any resolution ! | CUSTOMER: @AmazonHelp #Discrimination if you can't deliver at rural locations please don't take an order but do not discriminate customers! | CUSTOMER: @AmazonHelp LMK if you need more elaboration, i am free all day, i love ordering on #Amazon and then spend weeks trying to get delivery issues resolved🤣 | SUPPORT: @119907 Please share your details here: https://t.co/GIJyeYqKE0 and I'll reach out to you. (2/2) ^KA | SUPPORT: @119907 This doesn't seem to be right. Apologies for the delivery issue. This isn't what we intended. (1/2) ^KA | SUPPORT: @119907 Please don't provide your order details, we consider it to be personal information. Our page is visible to the public. ^KA",@119907 We'd like to help with that. Kindly drop in your details using the link provided above and we'll reach out to you. ^AB,Delivery & Tracking
golden-060,"@115850 how to get updates about your order
if you are not getting it on a website?",,@146145 Sorry for the hassle. Please report this to our support team here: https://t.co/vlvfJr4nN9 and we'll check this. ^HN,Delivery & Tracking
golden-061,@AmazonHelp Yes. Without any change of content. Amazon is sending all emails with “apologize” and we will take action within 3-5 days for past 60 days,"CUSTOMER: @115850 poor customer support and refund process take almost 2 months and still pending. | SUPPORT: @122363 Sorry to know about the delay in refund. Kindly fill in your details here: https://t.co/cllwXc2HeK, and I'll look into it. ^NR | CUSTOMER: @AmazonHelp Thanks. Updated the information on the given link. Is this again going to be 3-5 days? | SUPPORT: @122363 Thank you for sharing the details. We'll check your concern and reach out to you at earliest. Rest assured. ^SV | CUSTOMER: @AmazonHelp Thank you 😊 | SUPPORT: @122363 You're welcome. Do keep us posted if you've any further queries. :) ^MO | CUSTOMER: @AmazonHelp Is there any action taken on my issue. Now it’s 3rd month and still struggling with amazon ! 🙄🙄🙄 | SUPPORT: @122363 You can check for our response here: https://t.co/DTSNmGldJf. Hope this helps. ^CB | CUSTOMER: @AmazonHelp I am getting same response past 2 months. I am asking for status, not a messages that u sent ! | SUPPORT: @122363 Please respond to the same email you've received from the Social Media team and we'll check this for you. ^HN | CUSTOMER: @AmazonHelp I have replied all ur emails. But, after last week no response on the status and didn’t get message from you today as u mentioned. | SUPPORT: @122363 Apologies. Could you confirm If you are receiving emails from our team after you respond to them? If not, let us know. ^NK","@122363 Sorry for the inconvenience. Request you to respond to the email you've received from social media team, (1/2)^SU",OTHER / UNCLEAR
golden-062,@AmazonHelp @127852 I have yet to receive my battlefront 2 beta for ps4. Can you help? I preordered from Amazon.,,"@164533 Oh no! When did you place the order, Michael? Have you checked your e-mails as well as spam and junk folders? ^TG",Product & Digital Services
golden-063,@115851 @AmazonHelp @115850 @115821 fire the india sales team. For last 6 days they schedule and cancel the pickup. 404-7148114-1043526,,@120778 We have sent you a correspondence here: https://t.co/DTSNmGldJf Kindly check &amp; write back to it for further 1/2 ^SY,Delivery & Tracking
golden-064,"偽アマゾンから迷惑メールきた～。
#迷惑メール https://t.co/0qwsO6ZdyY",,@143746 ご承知のとおり、残念ながら悪質な詐欺が増加しているようですのでお気を付けください。https://t.co/st4oU5QbhP を装った詐欺と思われる連絡を受け取った際はこちらをご覧ください。→ https://t.co/zHTX3BcqYw SK,Account & Security
golden-065,"I have to say, @115821, Amazon Logistics is truly awful. In the last 6 wks they lost 2 packages, and now another is late with little info.",,@179940 Please provide your details here: https://t.co/9ud7816UjL and my team will escalate the order to Amazon Logistics. ^EZ,Delivery & Tracking
golden-066,"@115850 baar bar jhuth 48 hours me problem solve ho jayegi.. or fir dobara 48 ghante , customer velle hai kya
?","CUSTOMER: @115850 is fraud , by order id 406-2561088-9385145 i bought the bag which i wanted to return. pickup b kr lia , paise b nhi de rhe,",@191572 Sorry about the delay. Kindly drop in your details here: https://t.co/tEwiwWOfvq and we'll work on it. Please don’t provide [1/2],OTHER / UNCLEAR
golden-067,Ermmm @115830 I'm not okay with giving this to my niece for Xmas. Replacement please. https://t.co/fxjPhNIzJa,,@132137 Sorry for the damage to your order. Please look into returns/replacement options here: https://t.co/owmaM1NwJZ ^RS,Item Problem
golden-068,@1584 be careful while ordering any item from @115850 and asking for an extended warranty. Activating the warranty is a nightmare,,@121277 I couldn'r comprehend you issue could you please elaborate? ^VH,Product & Digital Services
golden-069,@115821 very pathetic product quality,,@169493 Looks like you had an unpleasant experience with us. Please let us know what went wrong so that we 1/2 ^SH,Item Problem
golden-070,"@AmazonHelp Estamos en plazo aún, Entrega el martes, 17 oct 😙. Creo que alguien en @133260 se ha olvidado de escanear el código","CUSTOMER: @AmazonHelp Hola! Es normal que un paquete salga de Amazon el lunes y no haya llegado al transportista? https://t.co/LmQZLQzLXH | SUPPORT: @137851 Hola, Marsh. ¿Nos indicarías cuál es la fecha de entrega de tu pedido? ^JQ",@137851 Aún esperamos que sea entregado en la fecha indicada. Los detalles de seguimiento podrían actualizarse en cualquier momento. ^JQ,Delivery & Tracking
golden-071,@AmazonHelp 送らせてもらいました。,"CUSTOMER: アマゾンに酒を箱入りの酒を頼んだら過剰包装だったのはいいんだけど、ビニール包装がきつすぎたのか箱が多少歪んでいた。あのさあ… | SUPPORT: @169672 ツイート拝見させていただきました。
お届けした商品の梱包状態について適切ではないとお感じになられた場合には、今後の改善のため以下のリンクから「梱包についてのご意見」より感想やご意見をお送りください。https://t.co/KtF9HIYvh9 TY","@169672 お手数をおかけいたしました。
お客様のお声をもとに、今後の梱包サービスの改善に努めてまいります。ご連絡ありがとうございました。 RI",OTHER / UNCLEAR
golden-072,@AmazonHelp @115850 Does sorry make sense? Get me the damages sir. stop lying and playing with emotions of your customers.,"CUSTOMER: @AmazonHelp @115850 
Ordered slipper got delayed by 4 days then it got cancelled. CC kept telling it will arrive next day. | SUPPORT: @162750 I'm sorry to know about the issue with delivery. We regret about the disappointing experience. ^NR 1/2 | SUPPORT: @162750 I'll share this as a feedback internally to the concerned team for review. ^NR 2/2","@162750 I'm afraid, canceled orders can't be reinstated. Request you to place a new order. (1/2)^SQ",Returns & Refunds
golden-073,"@AmazonHelp ご親切にどうもありがとうございます。
買おうと思った商品が出品者の意向でキャンセルになり、同じ商品が出品されたまま１万円値段が上がっていました。不可解です。",CUSTOMER: うええ……Amazonさんで9800円のお買い物してお金払ったのに商品が不良品で出荷できなくなり、アマゾンギフト券で9800円戻されても……ちょっと金額大きいんですけど……。 | SUPPORT: @118163 ご迷惑をお掛けしております。返金のAmazonギフト券は、銀行振込による返金に変更することが可能です。ご希望の場合は、口座情報などをお伺いする必要がございますので、お手数ですが、リンクよりカスタマーサービスにお電話にてお問い合わせください。https://t.co/J6YEizo6qC TN,@118163 Amazon以外の出品者の販売商品につきましては、各出品者が出品価格を自由に設定できます。しかしながら、当サイトでは、各出品者が商品を適切な価格で出品するべきであると認識しておりますため、貴重なご意見として頂戴いたします。SM,Seller & Marketplace
golden-074,@AmazonHelp Done already!,CUSTOMER: @115850 @115821 One of the order is not delivered completely and apparently it isn’t eligible for a return! Please advise. | SUPPORT: @185185 I'm sorry about the situation. Kindly contact us here: https://t.co/rS49hgaADF so that we can assist you accordingly. ^VR | CUSTOMER: @AmazonHelp they were not able to assist. Approaching Consumer Court! Sad service for a Prime member!! | SUPPORT: @185185 Kindly share your details here: https://t.co/GIJyeYqKE0 and I'll look into this. ^SG,"@185185 If you've shared your details, we will look into it and get back to you with an update shortly. ^SQ",OTHER / UNCLEAR
golden-075,@AmazonHelp 丁寧にありがとうございます,CUSTOMER: アマゾンで頼んだ商品が自宅にいないのに配達完了になった | SUPPORT: @120090 ご心配をおかけしております。配達完了でも商品未着の場合、下記ヘルプの内容をご確認ください。https://t.co/aABELyb8qu  解決しない場合は、以下より当サイトへお問合せください。https://t.co/J6YEizo6qC  　SM,@120090 とんでもないことでございます。お困りのことがございましたら、ご遠慮なくお知らせください。 YM,OTHER / UNCLEAR
golden-076,"@AmazonHelp why ??
at this location many companies providing COD except Amazon ..
no idea why u r not providing such that ..","CUSTOMER: @AmazonHelp
why Cash on Delivery facility not available on 306401, on all products, i tried for many time but not available at payment time | SUPPORT: @168215 Sorry for the trouble. Kindly report this to our support team here: https://t.co/vlvfJr4nN9 and we'll check this. ^HN | CUSTOMER: @AmazonHelp there are no option showing related to my issue ..
please take it serious .. | SUPPORT: @168215 Please connect with us using any of your previous orders and we'll get this checked. ^HD | CUSTOMER: @AmazonHelp why r you not understanding ..
there r not showing any option relating to my issue after choosing any of ordee | SUPPORT: @168215 Due to carrier constraints, we are not able to provide cash on delivery to a few pin codes. (1/n) ^SV | SUPPORT: @168215 We are working on this, in the meantime, you can use our prepaid methods you see on the payment page. (2/2) ^SV","@168215 As stated earlier, due to carrier constraints we cannot deliver to some pincodes. (1/2)^SQ",Payment & Charges
golden-077,@AmazonHelp Ordered on Tuesday evening for guaranteed Thursday delivery. Now delayed until 4 Dec at latest apparently.,"CUSTOMER: @AmazonHelp Had Prime trial a few weeks. Made 2 orders. Both delayed beyond GUARANTEED delivery date. Dont guarantee what you cant deliver. | SUPPORT: @138301 Hi Richard, I am sorry to hear that without going into personal account info can you tell us more about this please? ^HS","@138301 Richard, thank you for trying out our Prime membership. Did you receive a reason for the delayed ship date? You can confirm here: https://t.co/Y5jpI9gRhE. If not, please reach out to us here: https://t.co/hApLpMlfHN to discuss what options are available to you. ^SY",Delivery & Tracking
golden-078,"Email: __email__
Multiple times account put on hold.
Give some reasons and unblock my account ASAP. #pathetic @115850 @115821 https://t.co/JLxEYvV4ex",,@172135 We request you to kindly reply back to the e-mail from the specialty team with the supporting documents. (1/2) ^CB,Account & Security
golden-079,@AmazonHelp Been trying to get in touch 180030009009... Multiple times but to no avail. Kindly connect with me at registered number in records.,"CUSTOMER: @115850 - delivery received today for order id- 4__credit_card__, open box used product sent by amazon. Product returned to del. person https://t.co/tnZsYMMg7I | SUPPORT: @171311 Sorry for the trouble. Kindly report this to our support team here: https://t.co/vlvfJr4nN9 and we'll check this. 1/2^HN | SUPPORT: @171311 Please don’t provide your order details as it is personal information. Our page is visible to the public.2/2^HN",@171311 Apologies for not getting connected via phone. You may connect using chat or email and report the same. ^SB,OTHER / UNCLEAR
golden-080,@AmazonHelp There is no order and I’ve paid for these and wasted time do I will have them today or prosecute,"CUSTOMER: @115830 oh what a surprise amazon have failed to deliver not one but two items . Why am I paying for prime again? And why do you say | CUSTOMER: @115830 They aren’t in stock when you are letting people order the, still as they say in stock on website? Lying thieves is why | SUPPORT: @190939 (2/2) you had a chance to call or chat us explore available options with you: https://t.co/JzP7hlA23B? Please keep us posted. ^MV | SUPPORT: @190939 I'm sorry you haven't received the items you ordered! To confirm, have we missed the e-mailed delivery date? If so, have (1/2) ^MV | CUSTOMER: @AmazonHelp Of course you’ve missed it - that’s how you work and after 20 minutes on live chat you’ve still done nothing - do you take training in | CUSTOMER: @AmazonHelp Being completely inept? | CUSTOMER: @AmazonHelp I want my items now or they will be trouble | SUPPORT: @190939 Sorry about the delay with the order. Is there any delivery date showing on the order?^CD | CUSTOMER: @AmazonHelp Yes it said today - are you not listening? | CUSTOMER: @AmazonHelp Your online robot said I wouldn’t get them until late November even though I could order now and get them straight away | CUSTOMER: @AmazonHelp Lies lies lies - why lie to people? Do you think we are stupid? | SUPPORT: @190939 Please go by the delivery date advised on the order or you can cancel if you do not wish to wait for the delivery date.^CD",@190939 Did you receive an order confirmation email? What is the delivery date in it? ^AT,Order Issue
golden-081,"@115850 Amazon Pay is a cheating program. Money has been collected from my home over a week ago. It is yet to reflect in my account. 6 complaints raised. Getting only false promises of resolution within 24 hours. However, nothing changes.","CUSTOMER: Manage your change hassle-free. With Cash at Doorstep, you can request the Amazon delivery agent to load the remaining change from your cash on delivery payment into your Amazon Pay Balance. Know more at https://t.co/ofDcU7Oc7S https://t.co/yJ2cLgvveL | CUSTOMER: @115850 Daily app contest ka kuch nehi dete ho tum log,feku ho tum log | SUPPORT: @282023 You could check all the list of winners in this list here https://t.co/ORXACVbWJD. ^VM | CUSTOMER: @115850 कल सभी Products पर big discounts offers होगी ?  #BlackFriday | SUPPORT: @206816 You can view the deals and offers available for Black Friday here:https://t.co/1idabaJ2jB ^EM",@288168 We have responded to you via DM. Please check. ^HS,Payment & Charges
golden-082,"Still waiting at the doctors, it’s been 1hr &amp; 5 minutes without my kindle. I’m going through the stages of grief.",CUSTOMER: WTF I forgot my kindle and the doctor is running 20 minutes late 😭😭😭,@180889 I'd be going crazy! Do you have the Kindle app on your phone? ^AM,Delivery & Tracking
golden-083,@115821 @AmazonHelp Website says I received package on 10/2...I haven’t received it. Help! What do I do?,,"@180959 I'm sorry it hasn't arrived! Please reach us by phone or chat here: https://t.co/EKXRLsnxJu, so we can look into this. ^JN",Delivery & Tracking
golden-084,"@AmazonHelp Bonjour, juste pour savoir si j'ai ce message dans mon prime ça veut dire que je ne serai plus débité ? https://t.co/sfq4LTojWE",,"@136284 Bonsoir, cela veut dire que nous n'avons pas pu vous débiter. Vous pouvez contacter notre service client via le lien suivant : https://t.co/qzuu0dgDXz afin de régler le souci ^ME",Prime & Subscription
golden-085,"@AmazonHelp Voici : C20025897313 Parceque j'ai beau me plaindre à chaque fois (genre colis ouvert pour rentrer les articles 1 par 1 dans ma BaL), vous m'expediez de + en + par Amz Logistics et ça ne va pas mieux. Je vais bien finir par vous quitter hein…","CUSTOMER: PUTAIN ! @AmazonHelp, si je paye 50€ par an pour la livraison, ce n'est PAS pour que ton service #AmazonLogistics laisse mon colis comme cela !!! Autant le poser sur le trottoir ! Mon Hall est vitré, qui plus est ! C'est une HONTE ! Abandonnez AmLo ou réservez ça aux non #Prime! https://t.co/6ZYyeDImTY | SUPPORT: @147600 Bonsoir, je suis désolé d'apprendre cela. Pouvez-vous nous communiquer le numéro de suivi du colis afin de remonter cela au service concerné ^ME","@147600 Vous m'en voyez navrée, est-ce que l'article est intact ? Avez-vous signalé cet incident à notre service client ? ^ASZ",Delivery & Tracking
golden-086,@120474 what's happening with Moz RAH ticket pre-sale?? Keeps telling me I've exceeded maximum - haven't bought any yet! Shambles,,@121987 Please reach out here so we can check this for you https://t.co/psatRNFAeh  ^KM,Product & Digital Services
golden-087,20日にAmazonから発送メールが来たのにまだ届かないのは遅くない？そんなもの？,,@147315 (2/2)Amazon発送商品の場合、以下リンクよりカスタマーサービスへお問い合わせください https://t.co/J6YEizo6qC  出品者発送商品の場合、出品者に直接お問い合わせください。https://t.co/Gr4Zutk9FJ  HM,Delivery & Tracking
golden-088,"@AmazonHelp have, no success actually this conversation shows how bad and worthless you guys are. Can't access account on Twitter really..thts ur excuse","CUSTOMER: I: ""I m sick of hearing 'wait for 24 hours.""
Supervisor: ""Dont worry sir, wait for next 24 to 48 hours""@115850 @115851 #atrociousamazon | SUPPORT: @159049 Have you submitted your details through the secured link shared earlier by 'CB' ? ^HK | CUSTOMER: @AmazonHelp have and no response from you guys,finally i had to call and your supervisor told me to wait another 48 hrs. u guys are a poor joke | SUPPORT: @159049 If you have shared your details, we must have sent our correspondence on your registered e-mail. Did you check that?^CB | CUSTOMER: @AmazonHelp you know irony is tht i checked, but i cud find only promotional emails #atrociousamazon | SUPPORT: @159049 Hi, we've sent the correspondence to your registered email ID. Kindly check it here: https://t.co/8DAc10S7ww ^EM | CUSTOMER: @AmazonHelp U guys are not telling me anything different but same thing which has been repeated n times. Useless @115850 @118919 @118702 | SUPPORT: @159049 We can't access your account over Twitter. You can choose to write back to our e-mail. We will revert at the earliest. ^CB","@159049 write us back, we gain access to the connected account. (2/2) ^CB",Account & Security
golden-089,@117093 guys did you have anyone complaining about a food poisoning they got from a meat delivered by you?,,"@170236 no, why what happened?^CD",Item Problem
golden-090,@AmazonHelp Thanks. That worked. How will my Complimentary Amazon Prime membership that comes with Echo get added to my a/c? SOS @115850 @AmazonHelp,CUSTOMER: Trying to order food from @2492 via @121284 .Not bad. https://t.co/WL3Pp7X6b1 | CUSTOMER: @51943 @121284 Can you help me please. How do I change the country in settings? Tried everything but couldn’t find a way. | SUPPORT: @124849 Got to https://t.co/crghASQyRX. Login with your amazon credentials. Click on Settings and set country to India. ^HN,@124849 https://t.co/rS49hgaADF so that we can assist you accordingly. (2/2) ^SU,Prime & Subscription
golden-091,"@115821 just ordered a bunch of stuff, hopefully the delivery is better than last time. Packages left on side walk and driveway.",,"@155490 If you have another bad delivery, you can contact us here: https://t.co/EKXRLsnxJu so we can document your experience. ^AF",Delivery & Tracking
golden-092,@AmazonHelp amazon.de,"CUSTOMER: @115821 do you guys have a simple graph of what's included and not included in amazon prime? Amazon isn't but primevideo is, can you please create a table which explains thing more simply? | SUPPORT: @134343 Hi, Robert! Thank you for contacting us today. Could you share with us which Amazon site your Prime membership is registered with (.com, .de, .co.uk, etc.) and we'll be happy to help in any way we can! ^AZ","@134343 Here you have all benefits listed for Amazon Prime on amazon.de: 

https://t.co/9UFB0KAA7D

We would be delighted to welcome you as a Prime Member. :) ^AM",OTHER / UNCLEAR
golden-093,@AmazonHelp Think it’s an issue w location services but no idea on how to turn on,"CUSTOMER: @116439   Thx for great customer support.  still have the issue but a+ for having a live rep &amp; tech like remote viewing!! | SUPPORT: @189996 Glad to hear you had a positive experience with our support! What issues are you experiencing? We'd like to help, if we can. ^AM | CUSTOMER: @AmazonHelp Watching local channels on DIRECTVnow app | CUSTOMER: @AmazonHelp Works fine on my Apple TV | SUPPORT: @189996 Have you tried uninstalling/reinstalling the app? Please let us know if the issue continues. ^GG | CUSTOMER: @AmazonHelp Yep.  Tried that, deleting cache,  restarting fire stick etc.... | SUPPORT: @189996 Was this the issue you contacted our tech support with? If so, what info/options did we give you? ^GG | CUSTOMER: @AmazonHelp Reinstall,  clear cache etc...  no luck.","@189996 To view &amp; manage the Location settings, go to ""Settings"" &gt; ""Preferences"" &gt; ""Location"" and follow the on-screen instructions. ^EP",Product & Digital Services
golden-094,"@AmazonHelp Livros de História (são os que mais leio e mais preciso): Mary del Priore, Norberto Bobbio, Hannah Arendt, Eric Hobbsbawm...","CUSTOMER: A espera acabou 🙌🏼 R$110 off no Kindle e Kindle Paperwhite 🎉 
Corra antes que acabe! https://t.co/oQraUQvSGb https://t.co/BCbpb01kuz | CUSTOMER: @117804 Ahhhhh tava esperandooooo! Já comprei! 😎 | SUPPORT: @140026 Olá! Conte para nós, você já sabe qual conteúdo vai ler primeiro no seu Kindle?. Ficamos curiosos. ❤️🤔 ^NB | CUSTOMER: @117804 Vai ter promoção de capa para o Kindle paperwhite? | SUPPORT: @140007 Olá, Aline! Assim que tivermos mais informações saiba que serão anunciadas no nosso site e redes sociais. Fique de olho. 👀😉 ^NB | CUSTOMER: @117804 Comprei ;) | CUSTOMER: @AmazonHelp Ok! Espero que tenha...rs. 😊 | SUPPORT: @140415 Nay, ótimo! você vai ficar namorada do Kindle! 😍 ^AG | CUSTOMER: @117804 comprei!! 💌 | SUPPORT: @142343 Sua felicidade vai aumentar com o tempo! O Kindle é uma maravilha 白 ❀! Eu adoro. ❤️ ^JJ | CUSTOMER: @AmazonHelp Ainda indecisaaaa! Tantas opções! ♡ | SUPPORT: @140026 Você tem autores favoritos?.  ❤️😃 ^NB","@140026 Nossa, são muitos autores. Você tem livros favoritos?. 📚💙 ^NB",OTHER / UNCLEAR
golden-095,@AmazonHelp No me sale la opcion “cambiar” como indica en las instrucciones,"CUSTOMER: Hola @116928 necesito cambiar la dirección de de entrega de un envio a un punto de recogida al lado de la direccion actual. | SUPPORT: @133916 Hola Mónica, espero te encuentres bien, Para tener información sobre cómo cambiar la dirección de entrega de tu pedido, puedes accesar el siguiente enlace: https://t.co/KidZsU1Xo3. ¡Saludos! ^AZ","@133916 Mónica en ese caso te aconsejamos contactar directamente con Soporte al Cliente por medio del siguiente enlace: https://t.co/OjvUxwnzPe

^DB",Order Issue
golden-096,"@AmazonHelp I just get this in that link, no mention of trial https://t.co/BzZvl68rJV",CUSTOMER: @136314 I'm a prime member and seen lots of talk of a 4 month trial for unlimited at 99p but I can't seem to find this offer on the app when I go to upgrade? | SUPPORT: @142142 Hey! Is this the promotion that you're looking for: https://t.co/qKSsS2nbef? ^JO,"@142142 Here's the link, Asa. Please keep in mind that it is for new subscribers only: https://t.co/MHN9Bi48c3  Please let us know if we can further assist.  ^SE",Prime & Subscription
golden-097,"Hey @AmazonHelp 
Ich war an dem gesamten Tag nicht zuhause und habe in meinem Briefkasten auch keine Benachrichtigungskarte... https://t.co/GYS9FcakT6",,@125875 Und? Hast du deine Bonbon mittlerweile bekommen? 😋 ^AN,Delivery & Tracking
golden-098,@AmazonHelp ahora el msj q sale es q estan preparando el envio eso kiere decir q si esta mi pedido xq lo hize alas 12:15 y asta ahorita no recivo correo ni mensaje,"CUSTOMER: @115821 buenas noches esq ayer hicimos una compra pero me rechazo mi tarjeta xq no estaba liberada pero hize la operacion dos veces ahora ya se libero y ya salio el pago pero no se si ya se realizo la compra o como le ago para saber | SUPPORT: @130233 ¡Hola, Grafo! ¿Has recibido el correo de confirmación del pedido completado? ^LC | CUSTOMER: @AmazonHelp no e recivido nada bueno esq el pedido lo hizo mi hijo xq tiene cuenta pero la tarjeta es mia  y asta ahorita no emos recivido ningun correo | CUSTOMER: @AmazonHelp pero ya se retiro el dinero del banco | SUPPORT: @130233 Grafo, aparte del correo de confirmación, recuerda que puedes verificar tu pedido en la sección de pedidos de tu cuenta, por favor utiliza este enlace: https://t.co/Agd9XY4LHC
^CB | SUPPORT: @130233 Comprendo Grafo. Siempre que se confirma una orden se envía al correo electrónico asociado a la cuenta donde se gestionó el pedido, un mensaje con los detalles. También es posible revisar desde tu cuenta los pedidos que están en curso:  https://t.co/ClQxjTNRb6  ^PC | CUSTOMER: @AmazonHelp ya utilizamos esa opcion pero nos dise q estan preparando el envio | CUSTOMER: @AmazonHelp de echo pedimos unos audifonos pero pensabamos q no tenia muchos fondos y los cancelamos y yego el correo de cancelacion | SUPPORT: @130233 Grafo, en este caso ¿el pedido cancelado fue cobrado?. ^NB | CUSTOMER: @AmazonHelp si ese fue cobrado y en el correo disen q en 15 dias aviles me hacen el rembolso","@130233 Hola Grafo,el pedido es cobrado hasta que es enviado. Antes de eso lo que puede que veas es una autorización,que se libera según las políticas de tu banco. Puedes contactarnos para verificar que el pedido esté cancelado si aún no lo está: https://t.co/beR78zMMYB ^JD",Order Issue
golden-099,@AmazonHelp livraison estimée entre le 29 novembre et le 1 décembre. J'ai hâte !!!! Même si mon compte bancaire en prends un coup ahah,"CUSTOMER: Gros craquage ce midi, j'étais en pause déjeuner et sur un coup de tête j'ai acheté une ps4 sur @120533 😇 | SUPPORT: @132727 Ah super ! 😍 quel est la date prévue de votre commande ? ^SB",@132727 Je fais appel à votre patience 😝 Des jeux en vue ? ^KD,OTHER / UNCLEAR
golden-100,"@AmazonHelp No, he estado atento al seguimiento de correosexpress y a las 8 30 el estado ha cambiado entrega aplazada por cambio de fecha por el destinatario, cosa que no he hecho, cuando me sera entrgado? Gracias de antemano","CUSTOMER: @116928 hola, hoy iba a recibir un pedido pero @135806 ha puesto en el registro que yo he cambiado la fecha de entrega, que hacemos con estos mentirosillos? | SUPPORT: @154227 Hola, lamentamos los inconvenientes que has tenido. Podrías indicarnos si ¿te has comunicado con el transportista para obtener más detalles de la entrega? Puedes encontrar la información de contacto de los transportistas aquí: https://t.co/xn7fAi2nTT. ^MZ",@154227 Te comentamos que desde este departamento no contamos con acceso a tu cuenta para brindarte información respecto a la entrega. Puedes reportar la situación directamente con nuestro servicio al cliente a través de este enlace: https://t.co/OjvUxwnzPe. ^MZ,Delivery & Tracking
golden-101,@AmazonHelp thank you so much. will surely keep a check ;-),"CUSTOMER: @115850 hey guys pls pls pls pls approve my request for @115833 dot. desperately want it. best gadget until now | SUPPORT: @170176 We send a limited number of invitations each week to customers, so keep an eye on your inbox. ^NS",@170176 You're welcome. ^KA,OTHER / UNCLEAR
golden-102,@AmazonHelp @AmazonHelp  Why @115850 Blocked my no. for customer care services if i asked this query https://t.co/KyIdxt258y,"CUSTOMER: @115821 @115850 do you have any answer for this https://t.co/wmp41pSLtC | SUPPORT: @148568 We cannot guarantee the availability of an MPOS device for card payment, for a COD order, as the devices are (1/3) ^MO | SUPPORT: @148568 the card payment through MPOS device cannot be guaranteed. We apologize for the inconvenience. (3/3) ^MO | SUPPORT: @148568 limited in number. We strongly suggest that you have the requisite cash in readiness when receiving the order, as (2/3) ^MO","@148568 I understand your concern, Rahul. Please connect with us here: https://t.co/TdDksLo6Mf. Please use the chat/email option. ^HD",OTHER / UNCLEAR
golden-103,amazonでLightningケーブル注文したら中身のない袋だけ届いたんだけど、梱包時に気付く仕組みないの？これはヒドイわ。,,@159151 (2/2)なお、先にご案内したリンクよりサイト上にてお手続きが可能ですが、万が一手続きが進まない等がございましたら、以下リンクよりカスタマーサービスにご連絡いただきますようお願いいたします。https://t.co/J6YEizo6qC HM,Item Problem
golden-104,@119625 @116618 why u guys have still not uploaded @15710 s07,,@192004 we highlight the latest movies and TV shows we have available. (2/2) ^KA,Product & Digital Services
golden-105,"@AmazonHelp Bonsoir, oui il s'agit de Chronopost","CUSTOMER: Youhou on m'a envoyée un cadeau d'anniversaire qui est indiqué ""livré dans la boîte aux lettres"" et surprise ya rien ! Hum ? @120533 @132988 ☹️☹️ | SUPPORT: @154666 Bonsoir, je suis sincèrement désolée pour cela, connaissez-vous le nom du transporteur ayant pris en charge la livraison je vous prie ? 
^KE","@154666 Je vous suggère de faire des recherches dans votre entourage, si vous ne retrouvez pas le colis, le titulaire du compte peut joindre notre SAV afin de faire le nécessaire. ^MH",Delivery & Tracking
golden-106,@115821 @119038 @5525 wtf why is this not working anymore absolute bullshit I already have to watch 10x amount of ads ffs,,"@140018 I'm terribly sorry! We'd like to help! Without account details, could you tell us a little more about the issue you're having? ^TK",Product & Digital Services
golden-107,"@115850 No refund even after 2 months, 20 calls and emails. order#405.7570435.2657134
Email: __email__ Mobile:9004901656",,@171282 Please don’t provide your order details as it is personal information. Our page is visible to the public.2/2^HN,Returns & Refunds
golden-108,@AmazonHelp Thanks for your early response. I contacted the Customer Service and they've assured to hlp me.,CUSTOMER: @115850 #AmazonGreatIndianFestival is a chuttiappa? U guys delivered me an empty pckg of Mi4i Tempered glass. Really pathetic service. https://t.co/ZI286FMIDm | SUPPORT: @158383 Sorry about that. Kindly get in touch with us here: https://t.co/Qxm4Uz9QUO and we’ll be glad to help you. ^AG,@158383 Do keep us posted for any further issues. ^MP,OTHER / UNCLEAR
golden-109,@AmazonHelp When can I expect a call back ?,"CUSTOMER: This is the way to treat the Valued Customer....?  Still no call back... #AmazonIndia .com #AmazonGreatIndianFestival #amazonprime # | SUPPORT: @182872 Did you drop in your details through the secure link on this page: https://t.co/BJXhOBSBoa? ^NS | CUSTOMER: @AmazonHelp Yes... Still no call back | SUPPORT: @182872 You must have received a correspondence to our registered email address, kindly check the same. ^SH",@182872 We understand your concern. Please refer to the correspondence sent to your registered email. ^SV,OTHER / UNCLEAR
golden-110,"@116313
変なメールが来たんですけど、これはamazonが送ったメールですか？ https://t.co/gQpFBQCUH1",,@169321 ご質問ありがとうございます。そちらは私どもよりお送りしたものではありません。https://t.co/st4oU5QbhP を装ったと思われる連絡を受け取った際はこちらのヘルプページをご覧ください。→ https://t.co/NbTogVsgqW SK,Account & Security
golden-111,@115850 you are not able to deliver any product on time in the last 30 days! I have still products in wait which were ordered last month!,,@175387 Sorry about the inconvenience. Kindly contact us here: https://t.co/TdDksLo6Mf and we'll look into this. ^MK,Delivery & Tracking
golden-112,"Opa!!!
00:00 vamos ver o que temos para hoje na promoção relâmpago da @117086",,@164627 Ainda tem muita coisa boa no nosso site! ^JJ,OTHER / UNCLEAR
golden-113,@AmazonHelp can you explain why a package I was due to receive yesterday was marked as refused at my address - when no one refused it? Poor.,,"@121053 Hi Mick, did you receive a calling card? Is your parcel listed as out for delivery again today: https://t.co/BQmcNXViiI ^TS",Delivery & Tracking
golden-114,"@AmazonHelp Ahhh y la mensajería no lo entregó en mano, nomás lo aventó por encima del portón....","CUSTOMER: @116875 así de maltratado llegó mi paquete... que onda?? Espero que funcione... #amazonmx https://t.co/Vs61ZiKr1H | SUPPORT: @129775 Hola Lu. Lo siento mucho. ¿Tu producto fue vendido y gestionado por Amazon México o por un vendedor externo? ^JJ | CUSTOMER: @AmazonHelp Amazon Mexico, de hecho, tengo que checar lo de la factura",@129775 Lamento los inconvenientes. Aquí podrás ver las opciones de reembolso o reemplazo disponibles: https://t.co/IGmkS3xUVL (1/2),Delivery & Tracking
golden-115,"@119625 hey guys any possibility to add (Are You Afraid of the Dark?) Hindi version 
long ago hungama tv broadcast this in hindi",,@159201 Currently we don't have any announcement on this. I'll share your comments as feedback internally for a review. ^OS,Product & Digital Services
golden-116,"@119625 Ok, keep me posted. Pls add Dr. Rajendra Prasad Telugu movies from 90's. Thank you.",CUSTOMER: @128308 hey when is next Young Sheldon episode available in India. | CUSTOMER: @169618 We do not have any announcement for this as of now. Please stay tuned for any update. ^SG,@169618 Thank you for the suggestion. I shall definitely forward your feedback regarding this to the concerned team. ^HR,Product & Digital Services
golden-117,@AmazonHelp Stephen King e Agatha Christie são os meus amores ❤,"CUSTOMER: Primeira remessa #blackweek da @117086 chegou o/// 
☆
☆
☆
☆
#livroslindos #livrosnovos #livros… https://t.co/geDpsn2tlL | SUPPORT: @154210 Que ótimo saber que já recebeu, Dani 😉Já sabe qual livro você vai ler primeiro? ^LG | CUSTOMER: @AmazonHelp Ainda estou indecisa 🤔, mas estou achando que vai ser Os Bandoleiros ou um quadrinho que ainda vai chegar | SUPPORT: @154210 Dani, muito legal sua escolha 😋, qual é seu gênero literário favorito? ^AG | CUSTOMER: @AmazonHelp Amo terror, é meu preferido, mas ultimamente ando com muita vontade de conhecer os clássicos | SUPPORT: @154210 Dani, você tem um autor favorito?. ^NB",@154210 Esses dois são demais! Eu sou fã do Stephen King! Você já leu O Iluminado? ^JJ,OTHER / UNCLEAR
golden-118,@AmazonHelp Ah ouais..? Pas beaucoup d’offres par rapport à l’année dernière. Surtout sur les consoles et les jeux vidéos. Vous m’avez habitué à mieux,"CUSTOMER: @120533 vous faites le black friday ? Ça a commencé ? Parce que y’a pas vraiment d’offres là. | SUPPORT: @145900 Bonjour, notre Black Friday Week a commencé le 20 Novembre 2017😉 ^SM","@145900 Nous nous efforçons de vous proposer des promotions sur une large gamme d'articles. Restez connecté, toutes nos offres seront disponibles sur le site.^FT",Product & Digital Services
golden-119,@120474 Morrissey presale allowing buying 2 tickets  for 2 venues(altho email said 1 venue only).Will 2nd order be ok or cancelled?,,@128879 Hi! We'll be best-equipped to provide insight about this if you reach out to us here: https://t.co/5BkTaIxWoU ^WT,Order Issue
golden-120,@AmazonHelp I can't see one right now - but the phone case ordered at the same time arrived today,CUSTOMER: @115830 You said my item would be arriving Thursday but now it isn't even showing as dispatched! Why??? | SUPPORT: @148573 When you placed the order did you receive a confirmation email with the expected delivery date? ^BZ,@148573 Do you know which carrier is delivering your parcel?^CN,Delivery & Tracking
golden-121,@AmazonHelp Order no. 407-0022576-1276315 how much time will u take to return?1more day has been passed. Please look into this matter,"CUSTOMER: @115850 received a targus laptop bag 2day.with d WORST quality.n u people r nt even giving us return option.What to do with this garbage? | CUSTOMER: @115850 Dear Amazon I need my money back.. I can not take my laptop in such shit.. | SUPPORT: @175389 Sorry for the trouble, Khushboo. Kindly reach out to us via: https://t.co/AlLHRTqLlj and we will have this checked. ^KS | SUPPORT: @175389 Allow our support team to investigate this. You can report this here: https://t.co/R3EfhzgU8B ^CB. | CUSTOMER: @AmazonHelp Yesterday I had a chat with ur customer care. d person said, someone will come today and take that bag back..He hasn't come yet. And return | CUSTOMER: @AmazonHelp Policies said will be returned untill 6..What's going on? | SUPPORT: @175389 I'm sorry about the delay. Kindly share your details here: https://t.co/beaaDm0muc and we'll contact you. ^GK | CUSTOMER: @AmazonHelp Sent my details a while back.. nobody has contacted me yet..😐 | SUPPORT: @175389 As you've shared your details, we'll work on it and get back to you. ^HN",@175389 Kindly revert on the correspondence shared by us here: https://t.co/8DAc10S7ww for further assistance. ^AG,Returns & Refunds
golden-122,"@AmazonHelp Até eu me surpreendi! Vi q tinha ido pra instalações da transportadora, pisquei, minha mãe gritou q já tinham entregado o livro. Medalha de ouro em entrega 🏆🏅","CUSTOMER: A entrega da @117086 tá mais rápida que Jon Snow saindo da Pedra do Dragão e indo encontrar os Caminhantes Brancos. Não deu nem 24h que eu fiz o pedido 😱 https://t.co/DOctJ1QNDQ | SUPPORT: @148584 Kkkk! Nossa que legal, nem 24 horas! 💪🏅 Tão legal como ver a Arya utilizando uma espada! 🤺😍 E nós conte, pronta para começar a leitura desse novo livro?",@148584 Só queremos que você seja feliz! Agradecemos muito essa medalha 😌 Você ganhou também uma das nossas estrelas 😉 ^LG https://t.co/D74TmhcMUS,OTHER / UNCLEAR
golden-123,"@115833   Finally got Echo in India. However, unable to update my location to Mumbai India.",,"@129024 That is unusual, Could you please let us know the error that you are receiving ? ^KS",Product & Digital Services
golden-124,@AmazonHelp We got the Nerf Sports Dude Perfect Signature Bow! We enjoyed testing the out before we give them to the kids! https://t.co/gBd3d96Fib,"CUSTOMER: Oh yeah @115821! Thanks for Treasure Truck fun!! https://t.co/3E0hJk1AWO | SUPPORT: @156598 Oh, how fun! What'd you get!? ^LR","@156598 Parent tested, kid approved. 😉👍 ^BH",OTHER / UNCLEAR
golden-125,"@AmazonHelp Alles klar, danke!","CUSTOMER: Wenn man bei @amazonhelp ein ebook vorbestellt, fällt das dann auch unter die Vorbestellergarantie? | SUPPORT: @139244 Nein, da auch eBooks in Deutschland der Buchpreisbindung unterliegen und somit nicht günstiger oder teurer sein können, als der vom Verlag festgelegte Preis. ^AW | CUSTOMER: @AmazonHelp Ich hatte vergessen zu erwähnen, dass es ein englisches ebook ist. Wie sieht es da mit der Vorbestellergarantie aus? | SUPPORT: @139244 Wenn ein Artikel unter die Vorbesteller-Preisgarantie fällt, wird das auf der Produktseite angezeigt. Hier findest du Infos dazu: https://t.co/9WglDkC8Wy Liebe Grüße ^TA",@139244 Gerne! :) ^SI,OTHER / UNCLEAR
golden-126,@AmazonHelp I need a proper compensation and full refund of my order. Contact me on 9140560819 for any other detail.,"CUSTOMER: Disappointed with order# 407-5957878-5349150
Ordered through prime ID and paid Rs. 50 extra on prime. Still haven't received it.
@115850 | SUPPORT: @120228 Our Twitter page is visible to public. 3/3 ^SB | SUPPORT: @120228 Please don’t provide your order details as we consider them to be personal information.  2/3 ^SB | SUPPORT: @120228 We regret the inconvenience. Could you please let us know if we have missed on the estimated delivery date? 1/3 ^SB | CUSTOMER: @AmazonHelp Yes you missed it completely and made a blunder.
Call me on 9140560819 for more understanding | CUSTOMER: @AmazonHelp Then what do I do now ??
You guys have frustrated me.. | CUSTOMER: @AmazonHelp I know that... But nobody is gonna do anything wrong with my order id.
So provide a proper resolution. | SUPPORT: @120228 I'm sorry for the delay in delivery. Please fill this form: https://t.co/beaaDm0muc and I’ll contact you at the earliest ^RW | SUPPORT: @120228 Please don't provide your account details, as we consider it to be personal information. Our Twitter page is public.​ ^RW | CUSTOMER: @AmazonHelp Done this. What about resolution ?? | SUPPORT: @120228 Thank you for providing the details. We're working on it &amp; we'll get back to you soon with an appropriate resolution. ^SY | CUSTOMER: @AmazonHelp No resolution is provided yet.
Contact number: 9140560819 | SUPPORT: @120228 We've sent the correspondence to your registered email ID. Kindly check and reply with your concerns. 1/2^SC | SUPPORT: @120228 Please don't provide your personal information. Our page is visible to the public. 2/2 ^SC","@120228 As informed you earlier, please reply to our correspondence with your concerns and we'll get back. 1/2 ^SC",Returns & Refunds
golden-127,@116928 Es geniaaaaaal💛 https://t.co/RAkQ1RWG0g,,"@175181 ¡Qué emoción, Gabriela! 🤗 ¿Ya la estrenaste? ^LG",OTHER / UNCLEAR
golden-128,"Please bring back @15456 , @119625 😐😐😐😑",,@190607 We will continue to add new content. Keeping checking https://t.co/FYM9PIZOR8 (1/2) ^SP,Product & Digital Services
golden-129,Can @115850 explain why this shoe is priced Rs 4999 when MRP is only Rs 3999? BTW @82577 is offering it Is 3299. https://t.co/8bWMgDAWmb,,"@161061 and our efforts to offer you the lowest price, may result in fluctuations in our prices over time. (2/2) ^CB",Payment & Charges
golden-130,"@115850 I had ordered this for last Diwali. It's been a year and you're still ""Preparing for dispatch"" !! 😂😂😂 https://t.co/YBC1fJrlVO",,@182466 This doesn't seem to be right. Apologies for the delay with the order. I'd like to check this issue for you. (1/2) ^KA,Order Issue
golden-131,@AmazonHelp Do u think im tweeting without replying to the mail ?,"CUSTOMER: @115850 im a retailer on amazon and my entire inventory that i recalled is missing. No proper follow-up. Higher authority i could contact? | SUPPORT: @182810 Hey, apologies for the trouble you've been through. I'd like to check this for you. Request you to fill in (1/2) ^GK | CUSTOMER: @115850 Recvd email that the problem has been escalated 2 the conserned team to get in touch.Bt the promptness is limited to tweet n mail reply only | CUSTOMER: @115850 @115850 @AmazonHelp am i getting a reply ?emails that mean nothing is not a solution. | SUPPORT: @182810 Apologies for any hassle. Please respond to the latest email you received from us and we'll get back to you soon. ^MA","@182810 If you've already responded to the email, we'll reach out to you soon. We'd appreciate your cooperation ^MA",OTHER / UNCLEAR
golden-132,@AmazonHelp https://t.co/VAoi5EVs9S,,@165811 I'm sorry about the hassle. Please reach out to our support team here: https://t.co/vlvfJr4nN9. Be assured of help.^SB,OTHER / UNCLEAR
golden-133,"届いたーっ(☝︎ ՞ਊ ՞)☝︎
Amazonで安くなってたからついに購入。
映画館では吹き替えで観たから、字幕からいこうかな！ https://t.co/rvC7Z44zUe",,@179018 Amazonでお買い上げいただき、ありがとうございます！どうぞ存分にお楽しみください♪ (字幕版から～)O o｡.(´-`*) RI,Product & Digital Services
golden-134,.@115821 explain why im paying for 2-day shipping with prime but its oct. 5 &amp; my order is telling me 2-day shipping will arrive in FIVE days https://t.co/mJKBYE3kLT,,"@172255 Hi there! Two-Day shipping refers to the transit time, &amp; is calculated in business days. More info: https://t.co/ZNlqqn3XZw ^WJ",Delivery & Tracking
golden-135,@115821 Prime shipping is so bad. It's never on time.,,@189836 This definitely isn't what we like to hear! Have you noticed this happening more with a specific carrier: https://t.co/Y5jpI9gRhE ^ML,Delivery & Tracking
golden-136,@AmazonHelp @1840 3 times you've broken ur promises. How can i believe that you ll resolve it earliest? Dnt let us beg for our money.customers r not beggers.,"CUSTOMER: #AmazonIndia  Horrible shopping experience with @115850 .You guys delivered an empty box instead of moto g5s + mobile.Great indian sale!! https://t.co/e40h3B4Vku | CUSTOMER: @115850 I have reported 3 days ago and asked to wait for 5 working days. ordered as a prime , because  need it in urgent.All u can say is sorry ryt? | SUPPORT: @158382 I'd like to take a closer look into this. Please share your details here: https://t.co/GIJyeYqKE0. ^AG | CUSTOMER: @AmazonHelp Details shared. In fb also. https://t.co/jJWbI2qoMX .still waiting.4 days left. Atleast delever it be4 Moto announce that model is outdated. | SUPPORT: @158382 As you've shared your details, we'll work on it and get back to you. ^HN | CUSTOMER: @AmazonHelp @115850  Cheating me. Didn't resolved the the problem still. How long should I wait? Will u resolve or not?  Or i ll get media support. | SUPPORT: @158382 We've sent a correspondence to your registered email id. Please check the same for more information. ^ZH | CUSTOMER: @AmazonHelp @115850  again  i have to wait ...😥 you people just playing with costumer.. You promise that u ll resolve in max 5 days. | CUSTOMER: @AmazonHelp B'cos of you, I cant gifted it on the day. Staying without mobile 4 more than 10 days. Do u think that u can compensate all my pains ??????? | CUSTOMER: @AmazonHelp @115850 B'cos of @115850 , unable to gifted it on time. Staying without mobile 4 more than 10 days. Do u think that u can compensate all my pains? | SUPPORT: @158382 Kindly revert to the email you've received from us for further assistance. ^AG | CUSTOMER: @AmazonHelp Thanks.Kindly provide amazon country head twitter handle. | SUPPORT: @158382 Kindly respond to the email and we'll get in touch with you. ^NS | CUSTOMER: @115850 @1840  whenever I ask @115850 ,U ask to wait for some days.Being without mobile for https://t.co/yELqUsnXek with amazon is my mistake? | CUSTOMER: @115850 @1840 @1840  was not able to gifted on https://t.co/Xab4Z5LwD9 holding my money nd not letting me to buy another one. Y are u doing this to me? | CUSTOMER: @115850 @1840 How will you answer for my loss &amp;pain?Why do u give fake promises that u ll resolve it on time? Do you think u can compensate my pain &amp; loss | SUPPORT: @158382 We value your time. We will close our investigation at the https://t.co/lkKOI5cCSQ can stil choose to write back to our e-mail ^CB | CUSTOMER: @AmazonHelp @1840 @AmazonHelp asked me to wait 5 days from 25 oct. Still not.Why this late? Is this ur process makes customer to wait for their money?",@158382 I get that you're upset and I'm sorry about the stretch. Our team is working on this and they'll get back soon. [1/2] ^SK,Returns & Refunds
golden-137,@AmazonHelp It was a great help from ur side with ur pre scripted n repeated answers n yes for delivering a soap in d packet of phone.@131027,"CUSTOMER: @AmazonHelp @115850 @131027 @3923 @1560.This shows d pathetic management of amazon. https://t.co/T5lUUFYJOU | SUPPORT: @144297 I’m extremely sorry about this experience, Neeraj. We never wanted you to face such an inconvenience. Please report this to our support team here: https://t.co/TdDksLo6Mf and we'll get this investigated further. 1/2 ^MK | SUPPORT: @144297 Please don't provide your details, we consider it personal information. Our Twitter page is visible to public. 2/2 ^MK | CUSTOMER: @AmazonHelp What details u talkin about. | CUSTOMER: @AmazonHelp I think u ppl r afraid of being exposed at public platform.dats y u r advising me not to share d details.@144148 @11779 | SUPPORT: @144297 I understand you're upset, Neeraj. Ensuring the security of your account information is our top priority, so we request our customers to post again without the details. Request you to please contact us through the link provided earlier and we'll look into this. ^MK | CUSTOMER: @AmazonHelp @115851 yes i will contact u with that link but wat is d harm at this portal.i dont think any of my account details r being shated here | SUPPORT: @144297 Thank you for your understanding. As informed earlier, ensuring the security of our customer's account information is our top priority and we never want to take any chances. Do keep us posted for any further concern. ^AM",@144297 We understand you have received a different product than what was ordered. This being a public platform we would not be able to access your account/order details here. Kindly reach us via the link provided earlier and we'll get in touch with you soon. ^VM,Item Problem
golden-138,"@AmazonHelp
Talked regarding delivery delay issue worst experience. Unprofessional cs agent",,@159057 I'm sorry for the unpleasant experience. Please report this by reverting our email. ^HA,Delivery & Tracking
golden-139,"VERY  VERY POOR  SERVICE  BY @7527  AND  ITS  COURIER  AT SURAT, GUJARAT. I COMPLAINT  AGAINST   AT  NATIONAL CONSUMER  COURT AS  U  FIND  GUILTY.  I  DIDN'T  RECEIVE  MY ORDER. CLOSE UP  THE  SERVICE  @115821 .",,@145396 Sorry to know that you haven't received your order. Kindly report this to our support team here: https://t.co/hITbmQzz2y &amp; we'll get it checked. I've noted your comments regarding the courier services and have forwarded your feedback internally to be worked upon. ^SY,Delivery & Tracking
golden-140,@AmazonHelp I have paid but still it is pending,"CUSTOMER: @115850 what is going on https://t.co/oZu7Wb3mgz | SUPPORT: @175399 Hi, we won't be able to access your order details from Twitter. Could you tell us more about your concern? ^MS | SUPPORT: @175399 Please don’t provide your order details as it is personal information. Our Twitter page is visible to the public. ^MS",@175399 Could you let us know if there was an issue while paying for the order? ^SQ,Payment & Charges
golden-141,@AmazonHelp 自分が観たかった作品が沢山入って嬉しいです！,CUSTOMER: アマゾンプライムにビーバップ入ったの最高に良い https://t.co/joNt2wuEjg | SUPPORT: @168270 |ω・)ﾁﾗｯ.｡oO(ぜひご覧ください...!) YM,"@168270 ୧꒰*´꒳`*꒱૭✧
喜んでいただけて何よりです！😊✨ YM",OTHER / UNCLEAR
golden-142,@AmazonHelp Maybe when you guys do the marketing gimmicks you should put these stuff up. So I buy something and it doesn't even reach me. Wow!,"CUSTOMER: Dearest @115850 this is not expected from you guys. This package was supposed to reach me by Fri. Havent yet got an update! https://t.co/QvgTdMpWUi | SUPPORT: @120613 Please don't provide your order details, as we consider it to be personal information. Our Twitter page is public.​ ^RW | SUPPORT: @120613 I'm sorry for the delay with your order. Please reach out to our support team here: https://t.co/2t6DQoUmNZ for assistance.^RW | CUSTOMER: @AmazonHelp I did call the customer service. But, they were unable to provide any update! | CUSTOMER: @AmazonHelp Do you even understand what the complain is about? I think you guys hould understand before replying so mechanically. | SUPPORT: @120613 I'd like to look into the issue and assist you with it. Please provide your details here: https://t.co/FOWMWAwwM3 1/2 ^SH | SUPPORT: @120613 and I'll get back to you. 2/2 ^SH | CUSTOMER: @AmazonHelp I did provide details and was promised a call back in 7 hours. Well, 24 has passed. This is ugly customer service. | SUPPORT: @120613 Sorry about that. Could you please check if you've received an email in response to the details you shared earlier? ^NR | CUSTOMER: @AmazonHelp I did recieve an email indicating the package is being returned to the fulfillment centre. What type of nonsense is this? | SUPPORT: @120613 If you've provided the details earlier in the link, you should've received an email from the social media team. ^NR | CUSTOMER: @AmazonHelp Ok, so you are now foubting whether i provided details or not. Thank you for your wonderful service. Such wonderful new lows.","@120613 Apologies for the experience, Ananya. We've sent a correspondence to your registered email. Please reply &amp; we'll assist. ^SV",Delivery & Tracking
golden-143,"@132424 guten #Tag. Ist diese #Umfrage „Sagen Sie uns Ihre Meinung über Amazon“ von Ihnen, oder eine #Fake #Mail? #Vielen #Dank. Gruß Ralph",,"@132423 Auf folgender Hilfeseite haben wir beschrieben, wie Umfragen von uns aussehen: https://t.co/NSEealKIYX Viele Grüße ^UK",Account & Security
golden-144,"@AmazonHelp Ahhh y la mensajería no lo entregó en mano, nomás lo aventó por encima del portón....","CUSTOMER: @116875 así de maltratado llegó mi paquete... que onda?? Espero que funcione... #amazonmx https://t.co/Vs61ZiKr1H | SUPPORT: @129775 Hola Lu. Lo siento mucho. ¿Tu producto fue vendido y gestionado por Amazon México o por un vendedor externo? ^JJ | CUSTOMER: @AmazonHelp Amazon Mexico, de hecho, tengo que checar lo de la factura","@129775 Para reportar lo ocurrido en la entrega del paquete, entra en contacto con nuestro Servicio al Cliente https://t.co/beR78zMMYB ^CR",Delivery & Tracking
golden-145,@AmazonHelp What the hell is this? How come a bank comes into the picture where I paid the whole amount from my Amazon Pay Balance? Make yourself aware about your own Amazon Pay Balance otherwise you can't help anyone.,"CUSTOMER: @115821 cheats people, I paid 8999 from my Amazon Pay for a mobile, balance deducted but order cancelled, when I contacted, no help. It's a simple fraud, I am going to sue Amazon India | SUPPORT: @133883 We would like to help you. Please share your details with us here: https://t.co/GIJyeYqKE0. We'll get in touch shortly. ^CB | CUSTOMER: @AmazonHelp I am contacting Amazon since 28/11/2107 but no one helps me. I purchased a mobile on the said date, my Amazon Pay balance deducted but order cancelled, I am still waiting for refund | SUPPORT: @133883 I understand you're disappointed, Asif. I apologize about the experience you had with this order so far. We'd like to assist you. Kindly share your details through the link that was provided earlier so that we can take necessary action from our end. ^NK | CUSTOMER: @AmazonHelp OK, I am going use the link but your apology doesn't qualify here, I need my order completed. Why should I pay you more for the same product for no fault of mine. | SUPPORT: @133883 We would our best to make things right for you. Once we have your details with us, we'll work on it right away. ^CB | CUSTOMER: @AmazonHelp I have used the link provided by you and sent the details, now do whatever but I want my order completed, how dare you people try to cheat customers in broad day light. I have Amazon Pay screenshots with me. | SUPPORT: @133883 Thank you for sharing your details. We'll work on it and get back to you with an update via email soon. ^NR | CUSTOMER: @AmazonHelp How this order got cancelled for 'payment declined' reason where my Amazon Pay Balance was 9300 (2500 in money &amp; 6800 in Gifts and Credit )at the time of order and 8999 was deducted? Even no refund made till now for Gifts &amp; Credit money (Rs. 6800). It's simple fraud by Amazon. https://t.co/dJniR2EwvY | CUSTOMER: @AmazonHelp Do you people know the meaning of 'soon'? I am contacting Amazon since 28/11/2107. Still you people claiming soon. It's pathetic. No CCE helps me when I tried to express my concerns. I have all the evidences in the form of Amazon Pay Balance Account Statement screenshots. | SUPPORT: @133883 In this case, it seems your bank delayed in sending the approval or the funds were stuck at their gateway. The charges you're referring is just an authorization which can't be claimed by Amazon.in merchant. ^NR 2/3 | SUPPORT: @133883 Sorry to know the payment was declined. When you place an order Amazon tries to charge the amount on your payment method. There is a certain time frame in which we require approval from your issuing bank. ^NR 1/3 | SUPPORT: @133883 If debited, they'll be refunded back to you by your bank itself within 2-4 business days. Please feel free to revise the payment if you are getting a prompt for it so that the order can be placed. ^NR 3/3 | CUSTOMER: @AmazonHelp Do you understand English? How come question of a bank arise? I have paid with Amazon Pay Balance yes you heard it right Amazon Pay Balance. Is this what you offer as help? | CUSTOMER: @AmazonHelp Did I ask for any charges? Do you understand what you write?","@133883 I'm sorry about the previous Tweet, we would like to know your concern in detail. Write to us here: https://t.co/GIJyeYqKE0 &amp; we'll take necessary actions to make things right. ^MJ",Payment & Charges
golden-146,"@115830 this is apparently a failed delivery attempt of 3 items, all due last Friday, still waiting despite promises that the items would be delivered Friday evening, Saturday morning, Sunday, Monday, Tuesday, you get the picture !!!!! https://t.co/GIJ1gXAUuF",,@142329 I'm sorry you don't have your parcel! We'd like to help! Please reach out to us via phone/chat here: https://t.co/JzP7hlA23B and we can help fix this. ^TK,Delivery & Tracking
golden-147,"🚨 THIS IS AN ALERT! 🚨

“A KNIGHT’S TALE” IS STREAMING ON @115821 PRIME VIDEO! 

⚔️ YOU’RE WELCOME AND HAPPY THANKSGIVING! ⚔️ https://t.co/lDGVFGko7Y",,"@144293 ""I give to you, the seeker of serenity, the protector of Italian virginity, the enforcer of our Lord God, the one, the only, Sir Ulllrrrich von Lichtenstein!"" -Chaucer ^JD",OTHER / UNCLEAR
golden-148,@115850 please give me 1300 back which i would have saved if ordered from HP. Wanted1 day delivery so choose amazon. Lost money and time https://t.co/z1X46ElJ1N,,@191719 Sorry about that. Kindly drop in your details here: https://t.co/CrPBUNoLbg and we'll work on it. Please don’t provide [1/2],Delivery & Tracking
golden-149,"@AmazonHelp えぇ…
絶対Amazonさんじゃないでしょ(´･ω･`)","CUSTOMER: マイク付きヘッドホンを買って、不良品だった為にAmazonレビューで★1にした時の、店側の対応
 
店「Amazonのレビューを★4〜5にして頂けると助かります。
壊れたヘッドホンと同じのをお送りします。」
 
店「住所、電話番号を教えてください。こちらでAmazonから調べはしません。」
 
嫌がらせかな？ | SUPPORT: @191212 ご迷惑をお掛けしております。該当の注文など詳細を確認した上でご案内させていただきますので、恐れ入りますが、リンクよりカスタマーサービスにお問い合わせください。https://t.co/J6YEizo6qC TN",@191212 突然のリプ失礼いたしました。公式サポートアカウントです。ツイートの件につきましては、詳細を確認した上でご案内させていただきますので、よろしければ、リンクよりお問い合わせください。TN,Account & Security
golden-150,"@115850 your help would really appreciated 
__email__
Yet to get confirmation for the pick up of my motog5plus",,@183935 We're on it! Please fill this form: https://t.co/beaaDm0muc and I’ll contact you soon with an update. ^GD,Returns & Refunds
golden-151,My ring light came today and it’s absolute dog shit and now can’t use it on clients tomorrow 😡 @115830 the light doesn’t fit on the stand!!,,"@157204 Oh no, Melissa! That's not good! You can look into available return options here: https://t.co/19NZxhRaKs ^HM",Item Problem
golden-152,@115850 courier did not pick up my call thru d day &amp; nw says unable to contact me. I cld him multpl times as he was non commital to.. 1/2 https://t.co/fBrGPaWhOX,,@161022 Apologies. I’d like to assist you. Please fill this form: https://t.co/beaaDm0muc and I’ll contact you at the earliest. ^NK,Delivery & Tracking
golden-153,@AmazonHelp Still the issue is open....how come its taking so long?,"CUSTOMER: @115850 reg. Ord 404-7091504-9405917. You should have alerted me regarding the deduction to my Amazon Pay Balance before doing so. #sucks | SUPPORT: @121656 I'm sorry but I couldn't follow. Could you please elaborate on your concern? ^HA | SUPPORT: @121656 Please don't provide your order details, we consider it personal information. Our Twitter page is visible to public. ^HA | CUSTOMER: @AmazonHelp Please check my email sent your cs ... and revert. #this #sucks | SUPPORT: @121656 Please tell us what went wrong Rajdeep, so that we can check this for you. ^HN | CUSTOMER: @AmazonHelp I never received an alert that my Amazon pay balance was about to expire. | SUPPORT: @121656 We send an alert 15 and 30 days prior to the expiration to your registered email ID, please check. ^HA | CUSTOMER: @AmazonHelp I recvd for Gift Card Expiry and redeemed to add Rs.1000 to my Pay Balance. Did not recv alert for Pay Balance expiry. Check my email to cs. | SUPPORT: @121656 I'm sorry to know that you did not receive any email. Request you to connect with us here:https://t.co/vlvfJr4nN9. ^OS | CUSTOMER: @AmazonHelp My email interaction with your cs is on...reply pending. Just escalating the matter....to get a positive reply. Please check your cs email. | SUPPORT: @121656 We'll be sure to look into it. Do keep us posted for any further concerns. ^KH | CUSTOMER: @AmazonHelp Please push CS to reply... | SUPPORT: @121656 Thanks for getting in touch with our support team. Kindly wait till you receive an update. Do keep us posted. ^AK (1/2)","@121656 As this is a social media platform, we can't view your account/order details. Sorry for the delay.(1/2)^HR",OTHER / UNCLEAR
golden-154,So @115850 sends me a email @ 8pm saying package out for delivery and will be delivered by end of day. I wonder what time zone is this ?,,"@184608 Apologies for the trouble with the delivery. We'd like to help, kindly connect with us here: https://t.co/vlvfJr4nN9 ^MA",Delivery & Tracking
golden-155,@AmazonHelp You people took my money and then closed my account saying that I am a fraud this is my only account and I have never used any other.,"CUSTOMER: .@12379, gives a tough fight to Fire TV Stick by participating in the #CutTheCord challenge. Watch now. https://t.co/VfVJg2nHNV | CUSTOMER: @128308 @12379 How much does it cost? | SUPPORT: @277314 If you mean the price of FireStick, please refer here:https://t.co/k127uHWllD. ^HA | CUSTOMER: @128308 @12379 What about screen mirroring lags and data leaks !!! | SUPPORT: @121657 Sorry you're upset with our product. Could you let us know more about this, we'd like to check it out? ^HA | CUSTOMER: @128308 @12379 The worst company of the decade... And the worst Customer service ever... | SUPPORT: @177027 Sorry to see you upset with us. We'd like to make our relationship better, please let us know what went wrong. ^HA | CUSTOMER: @128308 @12379 Amazonने मेरी समस्या का हल नहीं निकला। यहाँ जो माल ग्राहक को भेजा जाता उसमें धोखा धड़ी है। मुझे iPhone डुप्लीकेट भेजा और उसकी शिकायत नहीं | SUPPORT: @183284 Sorry about the trouble you've had with your order. Please report this to our support team here: https://t.co/TdDksLo6Mf. ^HD | CUSTOMER: @AmazonHelp How many times? I raised a complaint on 15th sep!  Are u guys sleeping??? | SUPPORT: @121657 In that case, I believe we must have already got back to you on this via email. Kindly reply to our email 1/2 ^AB | SUPPORT: @121657 correspondence with further issues/query on this and we'll be happy to take it over from there. 2/2 ^AB | CUSTOMER: @128308 @12379 Choti Company hai | SUPPORT: @158248 That's quite a remark. I would like to help! May I know what went wrong? ^HR | CUSTOMER: @AmazonHelp Abeyy kitni baar? No reply on the email..u crazy or what? 17 days issue raised.. Pathetic ppl | SUPPORT: @121657 Apologies for the inconvenience We'll reach out to you soon. Please refer and revert on the same for further assistance.  ^MK | CUSTOMER: @128308 @12379 Dose it support True Dolby Digital sound?? | SUPPORT: @165808 Yes it does, Dibyendu. ^HD | CUSTOMER: @AmazonHelp Which network (YouTube / Hotstar etc...) will support true Dolby Digital Sound through Amazon Fire Stick?? | SUPPORT: @165808 We understand your concern. Dolby experience, doesn't depend on network. ^SV | CUSTOMER: @AmazonHelp @121657 https://t.co/AOi1fdbxMi | CUSTOMER: @AmazonHelp @277314 Nice | CUSTOMER: @AmazonHelp @121657 #PlayInspire Prayer is bigest inspiration of our life.Only true WAY OF WORSHIP gives hapynes #जैनधर्म_VS_संतरामपालजी
https://t.co/ifNZ9RJMg9 | CUSTOMER: @128308 @12379 Hii | SUPPORT: @169719 How may we help you today? ^HR | CUSTOMER: @172955 @AmazonHelp not the right place to promote your youtube video ! | CUSTOMER: @128308 @12379 Why to sell the firetv stick in India when it's not even getting updated to FireTV OS 6 ?
I brought it and now I'm disappointed seeing this. https://t.co/UVHw76sabd | CUSTOMER: @128308 @12379 Plz help me in screen mirroring,I am unable to mirror mobile screen | SUPPORT: @171206 I'll surely help you. May I know which mobile device are you on currently? ^MM | CUSTOMER: @128308 @12379 Amazon se jo product mangate he. pekit m wo product nahi nikalta. | SUPPORT: @171283 for trouble-shooting. Kindly fill in your details here: https://t.co/beaaDm0muc, we'll look into it. (2/2)^AP | SUPPORT: @171283 Apologies for the inconvenience. Please don't worry. We'd like to work on this and would need some information (1/2)^AP | SUPPORT: @171279 That's quite a remark. I would like to help! May I know what went wrong? ^HR | CUSTOMER: @AmazonHelp iPhone 7 and if it is not supported then help me with any android device such as Moto g 3 or Samsung j5 | SUPPORT: @171206 Our Fire TV support team will be happy to look into this. You can connect with us here: https://t.co/R3EfhzgU8B. ^CB | CUSTOMER: @AmazonHelp I have raisedrequest 4 times over the given link by calling them but i am not receiving reply every time they say they have raised the query | SUPPORT: @171206 Sorry for the hassle Keshav. Please share your details here: https://t.co/GIJyeYqKE0 and I'll get back to you. ^HN | CUSTOMER: @AmazonHelp They never give a call back with a solution | SUPPORT: @171206 Please be assured we'll get in touch with you at the earliest once you fill n your details with the link provided. ^PB | CUSTOMER: @AmazonHelp I have already filled the details , kindly contact me after 6:30 pm IST | SUPPORT: @171206 We've not received your details. Kindly fill in the details again and we'll get back to you soon. ^AP | CUSTOMER: @AmazonHelp @121657 They will never solve ur problem as mine lenovo k8note was cancelled by amazon thrice and it was a prepaid delivery .Amazon is cheating us | CUSTOMER: @121657 @AmazonHelp They have cancelled my order thrice after conforming my order and three times I had paid for the order .their customer care is of no use | CUSTOMER: @121657 @AmazonHelp Amazon is a cheater company guys don't buy anything from Amazon","@177027 Everytime an account is put on hold, specialty team sends you an e-mail . We would request you kindly reply to the same. ^CB",Account & Security
golden-156,@115850 hi why you end no emi cost on PS4 I was about to purchase today😑😬🙄🤔😒😔😕☹️,,@121161 I understand your concern. No cost EMI is applicable on select sellers only. Please referrer to the FAQs 1/2 ^SY,Payment & Charges
golden-157,@115821 Again?!? PLEASE teach your delivery people the proper way to deliver a package! 2nd time in a week that we have had a poor delivery! https://t.co/eMlPDgA4e8,,"@180886 I'm sorry your package was delivered like this! To confirm, which carrier was assigned: https://t.co/Y5jpI9gRhE? ^MV",Delivery & Tracking
golden-158,"message as...'The courier was unable to contact the recipient to arrange delivery. Please contact Amazon.''
Totally falls. They didn't",,@165783 Sorry for that. Please reach our support team here: https://t.co/vlvfJr4nN9 and we’ll be glad to help you. ^NK,Delivery & Tracking
golden-159,Hey @117634 my kindle starting advancing left to right instead of right to left. How do I fix that?,,@129035 Great question! Have you tried any of these troubleshooting steps: https://t.co/phofknSjeE? Please let us know! ^KJ,Product & Digital Services
golden-160,"@AmazonHelp Pode deixar , tchau 😘","CUSTOMER: Quem já conferiu as ofertas da Semana Black Friday? 📚🎉😱 Corra e garanta os seus livros favoritos com até 90% de desconto: https://t.co/uJRiRy3G8P https://t.co/o6Sx7uO9Ke | CUSTOMER: @117086 Oi vocês tem algum tipo de promoção para os kindle devices? | SUPPORT: @288307 Olá Reynaldo. Sua pergunta é muito boa. No momento nós não temos informações disso. Eu lhe recomendo que fique de olho no nosso site e também nas nossas redes sociais para novidades. ^JJ | CUSTOMER: @117086 Não vai abaixar os preços da coleção ""as crônicas de gelo e fogo""? 😓 | SUPPORT: @149080 Olá Mariana, fique de olho no site. Assim que tivermos mais novidades, serão anunciadas lá. ^LG | CUSTOMER: @117086 alô Amazon me ajuda | SUPPORT: @151170 Olá, como podemos lhe ajudar? ^AZ | CUSTOMER: @AmazonHelp olá, fiz uma compra ontem mas vocês bloquearam minha conta e pediram pra eu enviar um fax mas não to conseguindo enviar o fax porque o número está ocupado. | CUSTOMER: @117086 HQS Tbm estão 90% de desconto? | CUSTOMER: @117086 a compra chega em quantos dias? São 7? | SUPPORT: @135282 Oi Alisson, é só clicar no link para conferir os produtos que estão em promoção. ^JD | SUPPORT: @135282 Olá, Alisson! Antes de finalizar a compra, você pode verificar a data estimada de entrega para o seu pedido. Para mais informações por favor acesse o seguinte link: https://t.co/JKjcPuqyYx. 🙂 ^NB | CUSTOMER: @AmazonHelp Obrigado pela resposta só esparam chegar agora | SUPPORT: @135282 Nada! Avisa a gente quando o seu pedido chegar Allisson! ^JJ | CUSTOMER: @AmazonHelp Claro  aviso pode deixar , agradeço atenção !!! | SUPPORT: @135282 Combinado, então. Nada, Alisson, é um prazer! Abraços! ^CR | CUSTOMER: @AmazonHelp Outro, boa madruga !! | CUSTOMER: @AmazonHelp Chegou!!! https://t.co/ZWgDJUvPGH | SUPPORT: @135282 Oi Alisson! Que felicidade 😍, conta para gente quando vai começar a leitura desse livro maravilhoso? ^AZ | CUSTOMER: @AmazonHelp Ainda hj | SUPPORT: @135282 Você vai amar, é bom demais! ❤ ^DA | CUSTOMER: @AmazonHelp Disso eu tenho certeza obg pelo atenção | SUPPORT: @135282 Depois de ler os livros, não esquece de nós contar o que achou! 😍 ^DA","@135282 Ficamos no aguardo, Alisson 😉 Abraço! ^LG",OTHER / UNCLEAR
golden-161,"Eh, @116928, que @4496 os la intenta meter doblada otra vez: me hacen firmar que el paquete llegó el día 29 o no me lo entregan. Ha llegado hoy, 30👌🏻 https://t.co/cEcifrtGVR","CUSTOMER: Se admiten apuestas: teniendo en cuenta que el de Correos ya pasó y no traía el paquete pero que @116928 dice que este pedido llega hoy... ¿llegará hoy o no? ¿Segundo pedido consecutivo con Prime que no llega cuando debe? https://t.co/tbmSgkqYbB | SUPPORT: @133023 ¡Hola! Siento mucho el inconveniente que tuviste con tu pedido anterior. Para este pedido, por favor entrar en contacto con la transportadora para verificar el rastreo de tu pedido en el siguiente link: https://t.co/meqnr4QIaC. ^NP | CUSTOMER: Vaya giro argumental bueno de @116928. De indicar que llegaba el 29 de noviembre, ahora dicen que ""Entre el 29 y el 5 de diciembre"" 😂 Pos el 29 me da que ya no, eh? https://t.co/3FZacADK2T","@133023 Hola Javi, sentimos las molestias. Recuerda que puedes reportar lo que indicas con nuestros compañeros de Soporte al Cliente: https://t.co/OjvUxwnzPe. ^DA",Delivery & Tracking
golden-162,@115833 Calling is still not available in India🤨,"CUSTOMER: Call for backup, manage your arsenal and much more with the perfect Destiny 2 companion - the all new Ghost skill for Alexa. Learn more: https://t.co/AKX5Lyv4ls https://t.co/53Q1qEqpeR | CUSTOMER: @115833 Can I️ ask her to fix the end game ?",@231614 We haven't made any announcement yet. Please see the Echo page https://t.co/PZqot9vfBI for all the features of the device. ^AR,OTHER / UNCLEAR
golden-163,@AmazonHelp Disappointed that an invite for Echo has still not been sent. :((,"CUSTOMER: @115850 Hey.. I missed ordering the Echo on my last invite. Can I please get another one? | SUPPORT: @126724 Hey, could you let me know when have you received the invite? ^AH | CUSTOMER: @AmazonHelp I received the invite on October 5. | SUPPORT: @126724 Invitations are valid only for 3 days. You can request for an invite again on Amazon.in. ^HA | CUSTOMER: @AmazonHelp I have already done that. I was hoping you can reactivate my expired invitation. | SUPPORT: @126724 Wish we could reactivate the old one. However, I'll ensure to share your comments internally to work on. ^CB | CUSTOMER: @AmazonHelp Thank you. | SUPPORT: @126724 You're welcome. Do keep us posted for any further concerns. ^SG","@126724 We send a limited number of invitations each week to customers, so keep an eye on your inbox. ^SV",Product & Digital Services
golden-164,@AmazonHelp Can you tell me right now where is my package I will go there and pick my self i dont believe any more on amazon.,,@182306 Drop in your details in the above link shared &amp; we'll help you with your concern. 2/2 ^MJ,Delivery & Tracking
golden-165,Amazonプライム会員だけど観方が分からないッツ,,@143749 こちらの作品でしょうか→https://t.co/Fqr0BtQXMG SK,Prime & Subscription
golden-166,@AmazonHelp There is such mail from your. Only one mail I have received from your end on 26th asking for feedback. When I have not received your product how can you ask for feedback.. Please call me if possible to sort out this issue. Waiting for your revert,"CUSTOMER: @115850 still waiting for my to delivered. Ordered same in Oct 12 also I have paid to for &amp; 2dy is 24 Nov.. Now it's more dn a month also I am trying to reach your customer care as well.nt gtng ny response from the them as well.
Order ID:- 4__credit_card__. Please revert asap. | SUPPORT: @145395 I'm extremely sorry for the delay in the delivery of your order. We'd like to look into this, kindly drop in your details here:https://t.co/beaaDm0muc and we'll have this checked right away. 1/2 ^EM | SUPPORT: @145395 Also, please don't provide your order details, as we consider it to be personal information. Our Twitter page is public.​ Appreciate your understanding. 2/2  ^EM | CUSTOMER: @AmazonHelp Submitted with my query on your link. Please resolve my problem on priority. | SUPPORT: @145395 It seems like we haven't received your details yet. Kindly share your details from your registered Amazon account through the link provided earlier and we'll get back to you soon with an appropriate resolution. ^SY | CUSTOMER: @AmazonHelp Please find the screen shot confirmation massage from Amazon.. https://t.co/sadww2yjh6 | SUPPORT: @145395 Thank you for confirming, we'll look into it and get back to you soon with an update. ^SI | CUSTOMER: @AmazonHelp Waiting for your revert.. Not expected this type of service from you.. You don't have any courtesy to call your customer and update on status of my order.. Very bad experience from your regular customer.. | SUPPORT: @145395 I realize you're upset. We'd want to fix this too, Sunil. However, we're unable to move forward with your concern until you write to us using your registered email address, the same using which the order was placed. Please do the needful. ^JC | CUSTOMER: @AmazonHelp __email__.. Now you are asking for registered mail id from where I ordered. Anyway please update now.. | SUPPORT: @145395 Please don’t provide your account details as we consider them to be personal information. Our Twitter page is visible to public. We're unable to access the details over this medium, Sunil. Please use the secured link provided earlier to share details directly. ^JC | CUSTOMER: @AmazonHelp Boss have shared my details in your link twice.. What you have provided..I t seems you guys are not having any details on my order.  For that reason from morning ypu guys are playing with me.. Not expected this type of customer service from your end.. | SUPPORT: @145395 I'm sorry for the miscommunication. Our team has sent a correspondence to your registered email address. Kindly check for the same and reply to the email accordingly. ^AP | CUSTOMER: @AmazonHelp Still i am waiting for your revert.  Have no clue why you are guys are talking so much of time to deliver. If you guys are not able to deliver kindly refund my money. Please update me on priority.. Have shared all details in link along with my concern.. | SUPPORT: @145395 I get your disappointment, Sunil. We have responded to your query here: https://t.co/QxWoyTGrO3. Request you to check and respond for further assistance. ^NK",@145395 Could you please confirm if you've received the email from our social media team? ^HS,Delivery & Tracking
golden-167,@117086 nao estou conseguindo adicionar outro cartao de debito 😭😭😭😭,,"@151194 Oi, você recebe alguma mensagem de erro ao tentar adicioná-lo? ^LG",Payment & Charges
golden-168,@118117 @115821 what size speaker does it have?,"CUSTOMER: The new #Sonos One with @115821 Alexa. Play your music, hands-free. Just ask.  https://t.co/UCZQG2uhpB",@188453 You can find more info about the speaker by heading to this link: https://t.co/T7BwlbTYoP ^GL,Product & Digital Services
golden-169,@AmazonHelp No. Customer service just said prime only applies to after its shipped.And I’ve never not had something fulfilled by amazon shipped next day,"CUSTOMER: Getting kinda frustrated with @115821 and #amazonprime. Sometimes I wonder if this is even worth paying for when they do crap like this. | SUPPORT: @182214 W/out giving any order/account specific details, can you let us know what happened please? ^KM | CUSTOMER: @AmazonHelp I ordered something through prime and now it’s going to be almost a week. And yet it says order by today to receive in 2 days? | SUPPORT: @182214 Were you given any reason for the delay? ^KM","@182214 Just to confirm, did we miss the delivery day in the confirmation e-mail? You can check here: https://t.co/oB0iyLX8Sd ^BH",Delivery & Tracking
golden-170,@AmazonHelp Uhh yeah I’ve been trying those “tips” for the last hour and none of them solve the issue of the remote not working.,CUSTOMER: @AmazonHelp Um what is the point of sending me a Fire TV Stick if the remote that comes with it DOESN’T WORK??! Battery change does nothing. | SUPPORT: @181438 I'm sorry the remote is working. Please try these tips to help get it going and keep us posted: https://t.co/EbiDmAFGMU ^CL,@181438 Reach out to us here so our Fire TV Support can have a look into this with you: https://t.co/kdDstzayqu ^CL,Product & Digital Services
golden-171,@AmazonHelp OMG. Ur incompetence is. Der is no option 4 da user 2 reply. Do u even know wat ur saying / how ur system works ?pls c atchd file #pathetic https://t.co/LHqQFuJBKc,"CUSTOMER: @115821 @AmazonHelp @115850 kindly refund my money ASAP, if you care enough. ur #customerserviceagents anyways dnt care #neveragain https://t.co/y47WXglPNl | SUPPORT: @180884 Please reply to the email you received from our specialist team and we will assist you accordingly. (2/2)^HR | CUSTOMER: @AmazonHelp Are u going to assist me with refunding ? Otherwise dont bother. Just return my money ASAP @115821 @115850 | SUPPORT: @180884 We would be glad to assist you, Abhijit. Kindly revert to the email sent so that we can assist you. ^KS | CUSTOMER: @AmazonHelp -stop this hollow, fake customer care tweeting. Return my money ASAP | SUPPORT: @180884 If you are unable to find or email fill the form here: https://t.co/GIJyeYqKE0 &amp; we'll get back to you. 2/2 ^MJ | CUSTOMER: @AmazonHelp @115850 - it's been 5 days and you still have not refunded ?? | SUPPORT: @180884 We've sent a correspondence to your registered email ID here: https://t.co/NTkrxpsbHJ. Kindly check and revert. ^PS | CUSTOMER: @AmazonHelp - hey there is NO update rgd my refund. Last email said 5 days. No update since then. Pls check b4 u reply &amp; stop misinforming. | SUPPORT: @180884 We'll not be able to check your information over Twitter. Could you write back to the last email update you (1/2) ^GK | SUPPORT: @180884 received from us and we will get back with the latest update? (2/2) ^GK","@180884 As this is being the social platform, please don't provide order details, as we consider it personal information.(3/3)^HR",OTHER / UNCLEAR
golden-172,@AmazonHelp È li che avevo visto è c’è scritto solo che lo sta gestendo Amazon logistic,"CUSTOMER: Certo, tu guardi le offerte Black Friday è su @120540 ti parte un ordine di una fotocamera. Te ne accorgi dopo 3 ore e non te lo annullano più. Io la chiamo truffa questa cosa qui | SUPPORT: @149067 Gli ordini possono essere effettuati solo dai clienti. Contatta il Servizio Clienti per richiedere assistenza, tramite questo link: https://t.co/aZ4nWoOckH. A presto! ^CS | CUSTOMER: @AmazonHelp Infatti il cellulare è mio che sono cliente prime da anni, ho contattato chiunque ma non vogliono annullarlo | SUPPORT: @149067 Si tratta di un articolo venduto e spedito da Amazon oppure da un venditore? ^BC | CUSTOMER: @AmazonHelp Non lo so, non lo trovo scritto sull’ordine | SUPPORT: @149067 Puoi verificarlo da qui: https://t.co/COzo1aVTjC. ^PS","@149067 In questo caso allora la fotocamera è spedita direttamente da Amazon.it. Dai un'occhiata qui: https://t.co/sRFy73JuFi per vedere come cancellare il tuo ordine, se non si può più modificare perché già entrato nella fase della spedizione. ^GD",Delivery & Tracking
golden-173,@AmazonHelp @115821 @115851 https://t.co/Uizl5hyejN,"CUSTOMER: @115821 @AmazonHelp @115851 having difficulty returning a defective product to one of your third-party vendors… Not happy 😡 https://t.co/wWty1BIJiJ | SUPPORT: @171590 Hi, sorry to hear this, when you contacted the seller, what did he/she advise? ^AS | CUSTOMER: @AmazonHelp 30 days have passed, so too bad, you're screwed | CUSTOMER: @AmazonHelp 404.274.0004 | SUPPORT: @171590 We'd like to look further into it with you in real-time. Please reach out to us via phone/chat here: https://t.co/hApLpMlfHN ^WJ | CUSTOMER: @AmazonHelp CALL ME 040.274.0004","@171590 We don't have access to acct info via Twitter, but we want to help if we can! Please reach us via chat or phone using the ...1/2",OTHER / UNCLEAR
golden-174,"@AmazonHelp I've been in the prime queue, kindle queue, the echo queue, and now on hold again.","CUSTOMER: the @amazonhelp queue is clueless on Amazon Household | SUPPORT: @116322 I'm sorry for the frustration! Without giving account/personal details, can you please provide us with more info? ^AC | CUSTOMER: @AmazonHelp legacy ""shared prime benefits"" account trying to join an amazon household of the prim. account holder to share echo and set up voice profile",@116322 We'd like to look deeper into this issue. Please provide us with more information here: https://t.co/wpDDiHUP4k. ^LH,OTHER / UNCLEAR
golden-175,@AmazonHelp  bloody hell take the details from hea n check it now,"CUSTOMER: @115850 1/2you don't take my problem with high priority..i have 2 issue with Amazon. But you're careless about my problem | SUPPORT: @182223 I'm sorry about that, orders are delivered by the estimated delivery date. Could you please let us know more about (1/2)^VR | SUPPORT: @182223 About the cashback offer you are referring to, so that we can look into it. (2/2) ^VR | CUSTOMER: @AmazonHelp  call i will tell you all in detail 9085953161 | SUPPORT: @182223 As this is a social media platform, we can't view your account/order details. (1/2)^HR | SUPPORT: @182223 Hence, please share your details from the link above to assist further. (2/2)^HR | CUSTOMER: @AmazonHelp https://t.co/1squVVgfln | SUPPORT: @182223 Anand, could you confirm if you've shared the details via the link provided earlier? ^MS | SUPPORT: @182223 Please don’t provide your order details as it is personal information. Our Twitter page is visible to the public. ^MS",@182223 and we'll get back to you soon. (2/2) ^VR,OTHER / UNCLEAR
golden-176,@AmazonHelp « Le code promo que vous avez saisi n’est pas valide »,"CUSTOMER: @120533 vous faites le black friday ? Ça a commencé ? Parce que y’a pas vraiment d’offres là. | SUPPORT: @145900 Bonjour, notre Black Friday Week a commencé le 20 Novembre 2017😉 ^SM | CUSTOMER: @AmazonHelp Ah ouais..? Pas beaucoup d’offres par rapport à l’année dernière. Surtout sur les consoles et les jeux vidéos. Vous m’avez habitué à mieux | SUPPORT: @145900 Nous nous efforçons de vous proposer des promotions sur une large gamme d'articles. Restez connecté, toutes nos offres seront disponibles sur le site.^FT | CUSTOMER: @AmazonHelp Pourquoi votre code promo NOW15 ne marche pas ? | SUPPORT: @145900 Quel est le message obtenu au moment de l'application de la promotion ? Pouvez-vous m'expliquer davantage, s'il vous plait ? ^SB","@145900 Rassuez-vous, on prendra en charge votre demande mais avant tout, est-ce que vous pouvez me communiquer l'article sur lequel vous souhaitez appliquer ce code ? ^AR",Payment & Charges
golden-177,@115830 hi is the Amazon call back option free or am I better phoning the 0800 number,,@183109 Sorry for the delay Brian- The call back option reverses the call so it's free. Anything we can help you with here? ^NV,OTHER / UNCLEAR
golden-178,@AmazonHelp Ah dommage je n'achèterais pas alors. Vous ne savez pas si vous en aurez à nouveau en stock ? (vu que ce sont les nouveaux ipad pro).,"CUSTOMER: @AmazonHelp bjr, pas d ipad pro 10,5 64go en stock chez vous ? (Pas vendeurs tiers ! Uniquement vendu et expédié par amazon) | SUPPORT: @150780 L'article est disponible seulement auprès des vendeurs tiers. ^ASZ",@150780 Nous n'avons malheureusement pas de visibilité dessus pour l'instant. Restez connectée :) ce sera mis à jour dès qu'il y a du nouveau.,Product & Digital Services
golden-179,"@AmazonHelp I've already spoken on the phone and had the delivery cost refunded, but you still can't tell me if/when the item will actually arrive 🤦‍♂️","CUSTOMER: @115830 2nd order messed up in the space of 2 weeks. Express pre-1pm delivery today only to be told royal mail don't even have it yet! | SUPPORT: @162513 So sorry about the delay. We do aim to deliver by the delivery date given at the time the order was placed. ^KM | CUSTOMER: @AmazonHelp When you charge £8.98 on a £30 order for pre-1pm next day delivery as a prime member, you should do more than just ""aim"" | SUPPORT: @162513 I'm sorry that didn't arrive! Please reach out to us via phone or chat here: https://t.co/JzP7hlA23B for more assistance. ^TK",@162513 Has your tracking info updated to reflect any new information; delivery date or delay? ^KH,Delivery & Tracking
golden-180,"@AmazonHelp 2 par amazon, un par un vendeur tier en effet","CUSTOMER: @AmazonHelp Bonjour, pourquoi est ce impossible de sélectionner un point relais lors de la validation de ma commande, lorsque je clique sur ""trouver un point relais près de chez vous"" rien ne se passe. | SUPPORT: @152477 Bonjour, s'agit-il d'articles expédiés par Amazon ou par un vendeur tiers? 
^SA","@152477 C'est le produit qui vendu et expédié par un tiers qui pose problème, car il ne peut pas être livré dans un relais. Cette option est possible juste pour les produits vendus et expédiés par Amazon. ^BR",Seller & Marketplace
golden-181,@115850 needs to find a better way to make money than looting the customer,,"@158372 Not something we want you to experience. Kindly let us know, how can we make things better for you. ^CB",OTHER / UNCLEAR
golden-182,@AmazonHelp Ça réponds vite chez @AmazonHelp ^^ C'est une visa mais je sais que ça ne vient pas de chez vous juste @8108 qui fait une carte non fonctionnelle et ensuite accuse les commerçants.,"CUSTOMER: @120533 C'est aussi de votre faute si les paiements depuis la visa @8108 sont refusées ? | SUPPORT: @147574 Bonjour, voici la page d'aide indiquant les moyens de paiements acceptés sur notre site https://t.co/NWgrSxM2oR ^ME","@147574 D'accord. En tout cas, nous restons à votre entière disposition en cas de besoin 🙂. ^FA",Payment & Charges
golden-183,23h13 : peut-être que le livreur c'est fait une petite bouffe avant de reprendre le boulot @120533 https://t.co/kFMPhYQzEE,,"@156255 Bonsoir, je suis sincèrement désolée pour cela, pouvez-vous nous indiquer le nom du transporteur ayant pris en charge votre livraison je vous prie ? 
^KE",Delivery & Tracking
golden-184,Went to buy something on @115821 apparently two-day shipping means Monday now?,,"@126333 Two-Day refers to the travel time once it ships. Some items have additional processing, we include that into the date. ^MW",Delivery & Tracking
golden-185,@AmazonHelp There not prime subscriber deals though. Plus I’m in the UK. I know where to find Black Friday deals. You again have not read nor understood my tweet have you? Is this account run from the same customer service centre in India?,"CUSTOMER: @115830 Where is all the PRIME member specific offers for Black Friday? The early deals? The prime only deals? This years so called sales seem a little shit actually. | SUPPORT: @142675 Thanks for reaching out to us! You can check here for Black Friday deals: https://t.co/2bmQTiqkh2 Hope this helps! Please let us know if there is anything further we can assist with.
~Marvel H.","@142675 If you select ""Upcoming"" on the right hand side of the page of our deals, as a Prime member, you will have access to these deals 30 minutes early! You can check those out here: https://t.co/yJmcxcmJX7 ^BE",Prime & Subscription
golden-186,"@AmazonHelp Wednesday for one, today for the other. We’ll see what happens to the next one.","CUSTOMER: What’s up with @115821 delaying my last two entirely separate Prime orders? One’s in Kentucky, five extra days late, the other is local, but held up. Come on. | SUPPORT: @138658 I'm very sorry for this wait. What was the original delivery estimate given at Checkout: https://t.co/Y5jpI9gRhE ^DO",@138658 Are you seeing this trend with a specific carrier? Please let us know! ^MT,Delivery & Tracking
golden-187,"@AmazonHelp Did while having a chat on FB, was informed will get back, nothing happened","CUSTOMER: @115850 @115851 Very pathetic service, Kept giving assurances of best service, canceled order after 13 days, Orde#171-4584530-0179506 | SUPPORT: @190746 Don’t provide your order details as we consider them to be personal information. Our Twitter page is visible to public.(2/2)^RS | SUPPORT: @190746 We apologize for the trouble. A canceled order is followed by an email with the reason for the same. Please check.(1/2)^RS | CUSTOMER: @AmazonHelp Why false assurances then | CUSTOMER: @AmazonHelp Canceled order, what's personal. Pathetic service visible to all @115851 | CUSTOMER: @AmazonHelp From day 1 I was telling Via emails and call but u guys kept me waiting giving assurances. I even told that the seller has wrong pin code. | SUPPORT: @190746 I'm sorry for the trouble. I'll pass this feedback to the concerned team internally so they can have a look at it. ^AU | SUPPORT: @190746 your details here:https://t.co/beaaDm0muc and I'll reach out to you soon. 2/2^EM | SUPPORT: @190746 I understand how upsetting such a situation can be, I'd like to look into this for you, kindly drop in 1/2^EM",@190746 We'll get back to you shortly with an update. Appreciate your cooperation. ^BS,OTHER / UNCLEAR
golden-188,@115830 waited in all day for my amazon prime for it not to arrive. Won't be renewing and it's needed for Friday. So annoyed https://t.co/Pxq2h8jdF9,,"@138686 Hello Charlotte. I'm very sorry to hear you haven't received your order as promised! This certainly isn't what we strive for and we want to help you look further into what's going on. When you have the chance, please ring us here: https://t.co/JzP7hlA23B. ^HC",Delivery & Tracking
golden-189,@AmazonHelp I'm not able to login to my amazon account. Hence I will not be able to view the detail,"CUSTOMER: Fraudulent activities - @AmazonHelp @115850 @14117 @15316 @15761 https://t.co/D4CJYZm0hI | SUPPORT: @182606 Apologies for the delay in refund. Please share your details here: https://t.co/GIJyeYqKE0. I'll get in touch with you. ^HD | CUSTOMER: @AmazonHelp I'm nt able 2 login 2 my amazon Acct. Hw cn I provide the detail in the link u hav given??
Order # 408-9654945-5900334
@115850 @115851 | SUPPORT: @182606 The link provided has a skip sign in option. Please check. (1/2) ^HD | CUSTOMER: @AmazonHelp I provided all the detail - you may also call me  @115850 @115851 @14117 @123289 @122869 | SUPPORT: @182606 I understand your concern, we've received your details and we will get back to you soon. ^SP | CUSTOMER: @AmazonHelp Item ws returned on 30 Sep n today is 6th of Oct, yet I hav nt received my refund. NO updat aftr 1st oct, wht is wrong? Pls refund my money. https://t.co/HX6N4waL8g | SUPPORT: @182606 We apologize for the trouble, Sumit. As you've previously mentioned that your Amazon account is on hold.(1/3)^RS | SUPPORT: @182606 Please revert to the email you've received from our specialist team so they could assist you further.(2/3)^RS | SUPPORT: @182606 Don’t provide your order related details as its personal information. Our Twitter page is visible to public.(3/3)^RS | CUSTOMER: @AmazonHelp @AmazonHelp @115850 @115851 -
#can you just let me know, how long it's going to take to refund my money. You guys never repond properly | SUPPORT: @182606 As informed we'll not be able to access your details. Kindly revert to the email sent by account specialist team. ^SG | CUSTOMER: @AmazonHelp I have revert multiple time, you have the same update from last 6 days... do you wish to resolve it or not https://t.co/sB4mSclSSE | SUPPORT: @182606 Our account specialist team are in the best position to help you out in this case. Kindly reach out to them for 1/2 ^AB | SUPPORT: @182606 further assistance with this. As a part of the retail team we'll not be able to provide any insight in this regard. 2/2 ^AB | CUSTOMER: @AmazonHelp Who are these people, where do I find them? I bought the product from Amazon , while returning the money you people become different team? | CUSTOMER: @AmazonHelp Who are you people ... are you not from amazon ? If other team is dealing the issue than why are you people replying ? Why not that team ? | CUSTOMER: @AmazonHelp Why after 6 days you people are asking me to contact other team ... look I know @115850 , I bought the item from this site... | CUSTOMER: @AmazonHelp Not from account team and who so ever you are referring... I only know 1 thing that I returned you product the way it came to me... | CUSTOMER: @AmazonHelp And now I need my money back which I paid you in advance ... don't try to do any fradudaluant activities with my money. | SUPPORT: @182606 As informed earlier please respond to the email you've received from our account specialist team.^SC | CUSTOMER: @AmazonHelp I have already responded, but that does not resolve my problem ... I just need my money back | SUPPORT: @182606 Please revert to the mail that you received from our account escalations team for further assistance on this. ^AU | SUPPORT: @182606 I get your concern. Kindly wait for our team to get back to you. ^PS | CUSTOMER: @AmazonHelp Thanks ! Hw much time does it take 2 reslv? Cn u share current status, I ws told it's goin 2 take 24-48hrs 2 resolve it, it's +6 dz nw !!!😤 | SUPPORT: @182606 Our team will contact you at the earliest. ^HN | CUSTOMER: @AmazonHelp Till date no one had contacted me nor I have received my refund ... could you please refund the amount ASAP.@115850 https://t.co/EWqyZyzi1t | CUSTOMER: @AmazonHelp @115850  https://t.co/QVvPHdyKlD | SUPPORT: @182606 I understand your concern about the refund. If you've replied to the (1/2)^SQ | SUPPORT: @182606 correspondence, you'll receive an update from our specialist team. Request you to wait. (2/2)^SQ | CUSTOMER: @AmazonHelp Hello - I have been waiting for last 7 days, yet there is no proper response about the status quo. I need 2 know why this is being  delayed? | SUPPORT: @182606 Our account specialist team are in the best position to help you out in this case. Kindly reach out to them again for 1/2 | SUPPORT: @182606 further assistance. As a part of the retail team, we'll not be able to provide any insight in this regard. 2/2 ^MA | CUSTOMER: @AmazonHelp Do u hav any SLA. I hav been waitin wit patience frm last 7dz. No status is bein shared! U lockd my acct n nw nt refundin money as wel https://t.co/Z2RUrKsDi9 | SUPPORT: @182606 I get your concern about the refund. Please reply to the correspondence and we'll check this and assist you. (1/2) ^SV | SUPPORT: @182606 Please don't provide your order details, we consider it personal info. Our Twitter page is visible to public. (2/2) ^SV | CUSTOMER: @AmazonHelp How many time I have to reply for which you people don't revert | CUSTOMER: @182606 @AmazonHelp I also had similar issue for which this fucking site did not return my money. we must #banamazon - this site in India @115850 @AmazonHelp | CUSTOMER: @AmazonHelp @AmazonHelp @115850 - I have already replied to the email I recieved from your account team. But yet I have not received any response | CUSTOMER: @AmazonHelp @115850 What you guys are not refunding my money . This is main question for which I'm not getting any reply. @AmazonHelp | SUPPORT: @182606 Kindly wait for our team to revert as they are in the best position to help you. ^PS | CUSTOMER: @AmazonHelp Its been 3days but yet I have not received any response | SUPPORT: @182606 Our team has emailed you. Kindly check your registered email address. ^NS | CUSTOMER: @AmazonHelp I hav  receiving the same email again n again. I don't care if the account is closed. I care abt the money of the product which I returned | CUSTOMER: @AmazonHelp  https://t.co/QEbWrfmgpy | CUSTOMER: @AmazonHelp  https://t.co/2duzJWltTu | SUPPORT: @182606 I'd like to take a closer look into this, please share your details here: https://t.co/GIJyeYqKE0. ^AG | CUSTOMER: @AmazonHelp I just update the form and submitted it.@AmazonHelp | SUPPORT: @182606 Thanks for keeping us posted, Sumit. We'll reach out to you soon. ^MS | CUSTOMER: @AmazonHelp Thank you.. hope you reach out to me with a positive response. | SUPPORT: @182606 Please be assured that our team will surely sort this for you. ^SF | CUSTOMER: @AmazonHelp Thank you for your assurance, I have been really tired of follwin up again n again. please refund my money for the product which I returned | CUSTOMER: @AmazonHelp Hello - any update on this ?? | SUPPORT: @182606 We're still working on your concern. We'll get back to you at the earliest. ^HA | CUSTOMER: @AmazonHelp Thank you ... hope to get a positive response | SUPPORT: @182606 We'll get back with an update soon. ^YP | CUSTOMER: @AmazonHelp Thanks ...request you to please expedite the process that will really b helpful... thanks | SUPPORT: @182606 Sure, we'll get back to you as soon as possible. ^HN | CUSTOMER: @AmazonHelp  https://t.co/nojv3hwcA9 | SUPPORT: @182606 We've sent a correspondence to your registered email address. Please check and revert. ^SQ | CUSTOMER: @AmazonHelp Last email which I recvd. Bt I recvd call frm 074079 33775 n sed tht amazon nid 2 verify the Acct  detail n asked the card info, bt I denied https://t.co/aSDeEztplN | SUPPORT: @182606 A blocked account is followed by an email from the account specialist team. ^NR 1/4 | SUPPORT: @182606 Customer service is unable to access or provide assistance on blocked accounts. ^NR 2/4 | SUPPORT: @182606 Since your account is now being looked into by our Account Specialist team, ^NR 3/4 | SUPPORT: @182606 I request you to reply to the same email sent from the specialist team. ^NR 4/4 | CUSTOMER: @AmazonHelp I have replied multiple times | SUPPORT: @182606 If you've replied to the correspondence, you'll receive an update from our specialist team. Request you to wait. ^SQ | CUSTOMER: @AmazonHelp You people are not replying to the actual thing ... I recieved a call .... from the number I mentioned in my previous tweet...wht abt tht??? | SUPPORT: @182606 I understand your concern. Please wait, out specialist team will reach out to you soon. Appreciate your understanding. ^HD | CUSTOMER: @AmazonHelp You guys are not responding, I'm asking about the call I recieved ??? | SUPPORT: @182606 Request you to write regarding this call to the email you've received from specialist team. We'll get this checked. ^HD | CUSTOMER: @AmazonHelp Thanks , I have already sent the email with the number and caller detail | SUPPORT: @182606 Thank you for that. Our specialist team shall reach out to you soon. Appreciate your patience and understanding. ^HD | CUSTOMER: @AmazonHelp This is not patience, it's just that my hard earned money is stuck with a company I never thought will do such fraudulent activities. | CUSTOMER: @AmazonHelp I have no other option instead of behaving and storing all the anger in myself... I sud have call and discussed abt it | CUSTOMER: @AmazonHelp I have not slept properly from last couple of days just because a huge amount is blocked by Amazon. And no one knows why... | SUPPORT: @182606 I understand this is frustrating. We're positive our team will get in touch with to you at the earliest. ^HD | CUSTOMER: @AmazonHelp  https://t.co/3Js99qreD0 | CUSTOMER: @AmazonHelp This is what I recieved https://t.co/fH7rBaSZOf | SUPPORT: @182606 Kindly revert to the email you received from our account specialist team. They are the best team to assist you. ^AP | CUSTOMER: @AmazonHelp Wht is the reason 4 blocking my acct ? No one is telling tht ! Let me knw what policy I have violated tht u pupl r nt returnin my money! | SUPPORT: @182606 I'm afraid, we're unable to help you with any further information on that. Apologize for any inconvenience caused. ^JC | CUSTOMER: @AmazonHelp Why are you not returning my money ?? I have returned your product which is already reached your warehouse thn why u not returning ???? https://t.co/PeW84JIrDH | SUPPORT: @182606 I'm sorry about the trouble with the refund. We'd like to help, kindly connect with us here: https://t.co/vlvfJr4nN9 1/2 | SUPPORT: @182606 Please don’t provide the order details, we consider it to be personal info. Our Twitter page is visible to public. 2/2 ^MA | CUSTOMER: @AmazonHelp How many times I have to do this ?? This is the 5th time I wil be updating this | SUPPORT: @182606 Appreciate your cooperation. Just ensure you submit the form once you fill the same. ^CB | CUSTOMER: @AmazonHelp I have done it ... multiple time... now I will respond this in consumer court | SUPPORT: @182606 As this is being handled by our account specialist team, we'll not be able to offer any further insight on this. ^HK | CUSTOMER: @AmazonHelp Please let me know what they need to activate my account and refund my money | CUSTOMER: @AmazonHelp Are you people going to refund my money ???? | SUPPORT: @182606 I get your frustration. However, we can't view your account details. [1/2] ^HA | SUPPORT: @182606 Only the account specialist has access to it. Please revert their email. [2/2] ^HA | CUSTOMER: @AmazonHelp I have done multiple time . You owe me my money, you closed my amazon account. How can you say you wil not refund my money | CUSTOMER: @AmazonHelp Wht the Hell you guys doing... if you can't assist | CUSTOMER: @AmazonHelp More than 50 email I have sent, better you refund my money. I don't need this account,I just want my money | SUPPORT: @182606 As you've responded to you their email, they will get back to you on this. ^HN | CUSTOMER: @AmazonHelp No one does tht | SUPPORT: @182606 I understand you're upset. As you have replied to the email, our team will certainly write back. Request you to wait. ^OS | CUSTOMER: @AmazonHelp Writing back is not helping me at all, I need my refund, that all I want - they total amount is Rs. - 54000/- | SUPPORT: @182606 I get you being upset and I'm sorry about the stretch. Please wait for their revert for an update. ^MP | CUSTOMER: @AmazonHelp There every revert makes me more n more upset and angry ... I never had any other account, this is the 1st I shopped with amazon | CUSTOMER: @AmazonHelp The product was faulty that is the reason I returned, while I was returning it was checked by the associate who came to collect the phone | CUSTOMER: @AmazonHelp Than why you people are not refunding my money | CUSTOMER: @AmazonHelp I have also placed a complain with consumer forum abt the same | CUSTOMER: @AmazonHelp It's very simple if I have returned you product within the eligible return time, than you should have RUFUNDED MY MONEY | CUSTOMER: @182606 Let us know if the issue is not sorting out. Our legal team can check what we can do to help you. | CUSTOMER: @182607 Hi - the issue is not being resolved, @AmazonHelp @115850 is not refunding my money ... please help | SUPPORT: @182606 As mentioned earlier, if your account is on hold, you will need to release your account by providing the required 1/2 ^KC | SUPPORT: @182606 information to the account specialist team. They are the best team to assist you in this regard. 2/2 ^KC | CUSTOMER: @AmazonHelp That what I wanted to know, what information thebwant to activate my account ?? | CUSTOMER: @AmazonHelp Will you able to guide me with this ? What information you need to activate my account ?? | SUPPORT: @182606 You should have received an email from the account specialist team about the required information. 1/2^AP | SUPPORT: @182606 Kindly check and revert to the same. 2/2^AP | CUSTOMER: @AmazonHelp No I have not recieved any email from account team ... where they are asking for any such information to activate my account | SUPPORT: @182606 You'd have received an email from our Account Specialist Team. Kindly request you to revert to it for further support.^RS | CUSTOMER: @AmazonHelp I keep checking my email regularly, I have not recieved any email, where they asked me to provide information to activate my amazon account | SUPPORT: @182606 We wouldn't be able to view your account details as your account is on hold, you'd have received an email 1/2 ^AH | SUPPORT: @182606 Sorry for the trouble. Please reply to any email from our account specialist team. They are the best team to assist ^GU | CUSTOMER: @AmazonHelp Me I have not recieved any email asking for the information | SUPPORT: @182606 You can view the email correspondence shared by us here: https://t.co/8DAc10S7ww. ^AG | CUSTOMER: @182606 @AmazonHelp @115850 sir, kindly register your complaint with us
https://t.co/Lngt2vBNBp

 our team will get back to you with assistance on further action. | CUSTOMER: @182607 @AmazonHelp @115850 Will do thanks","@182606 I understand your concern. In this case, kindly revert to the email sent by our social media team. 1/2^AP",Account & Security
golden-190,"Thank you @115850 for the most disappointing sales on books. Really, no point in having the sales only.",,@170840 I'm sorry you feel this way. Could you please tell us what went wrong? We'll be glad to help. ^AG,Product & Digital Services
golden-191,"Hey @115850 marketing price is 20,548 and and final price for same product gets to 29,500 + Delivery Charges ?? What's going on ? https://t.co/lyhG6OZp3X",,@169873 We'd like to have a look into this. Kindly report it here: https://t.co/2t6DQoUmNZ and our team will revert shortly. ^AB,Payment & Charges
golden-192,"@148056 @148057 @115850 @AmazonHelp One of my international package was returned because I refused to share my adhar details over a call, when all you need is KYC authentication for international deliveries. This adhar card obsession needs to die!","CUSTOMER: .@115850 @AmazonHelp - Order not delivered. Customer support team says order delivered. And for any investigation further, you need aadhar card to verify me? SERIOUSLY? | SUPPORT: @148057 We're sorry to know that you haven't received your order yet. We'd like to have a closer look into it, please share your details here: https://t.co/beaaDm0muc and we'll get in touch with you. ^MO | CUSTOMER: @148057 @115850 @AmazonHelp Hey Amazon, why is Aadhaar needed? | SUPPORT: @148056 Kindly reply to the correspondence you've received from us for further assistance. Appreciate your understanding. ^SM | CUSTOMER: @AmazonHelp I'm not the original complainant. Please check the tweet before responding randomly. Now, tell me why do you need my Aadhaar card for such situations?",@274433 Our support team would be happy to help you out! Please contact us from here: https://t.co/vlvfJr4nN9. ^MP,Account & Security
golden-193,"@AmazonHelp  @115821 placed an order, paid for expedited shipping. Wasn't delivered by 9PM as promised. How do I request refund of paid shipping that didn't happen? Thanks.",,@137107 My apologies that you didn't receive your order on time. Please visit us here for more information and further assistance: https://t.co/0wGxbfcqY8 ^RB,Delivery & Tracking
golden-194,"@AmazonHelp, AMZL is awful. No tracking updates in 24 hours, but my package is still showing delivery ""Today by 8pm"" (it's 20:30 right now).",,@168269 My team can escalate this. Please send us your details when you have time: https://t.co/TGREkvHxM7 ^EP,Delivery & Tracking
golden-195,@AmazonHelp I was just notified 2/3 packages have arrived at my home. Fingers crossed the last one comes today. 🙂,"CUSTOMER: @115850 you where's my ""guaranteed delivery for today"" package. I just checked and it's sitting in the warehouse. I ordered it on Monday night. By my count today is 2 days. THIS.... Does not look like it's getting delivered does it? https://t.co/biz5Q9SdZS | SUPPORT: @143570 I'm sorry for the inconvenience. Please report this to our support team here: https://t.co/TdDksLo6Mf and we'll look into this. ^MK | CUSTOMER: @AmazonHelp I tried getting you to call me on 2 different phones. Neither rang. It appears I am not the only one unhappy with @6967 courier. Quick search for #amazon &amp; that's the first 2 tweets. If this is how my free trial of Prime is, you can bet I'm not going to pay for it. | CUSTOMER: @AmazonHelp @6967 And not only that, when I track my order on your website.... Apparently I didn't make any. Even though I have emails and credit card receipts proving otherwise. https://t.co/9AzQ8RTAbt | SUPPORT: @143570 I am sorry to know about that. I'd like to take a closer look into this. Please share your details here: https://t.co/GIJyeYqKE0 and I'll get in touch with you. ^MK | CUSTOMER: @AmazonHelp Ok sounds good thanks. Done. | SUPPORT: @143570 I'm so sorry for the trouble tracking and receiving your order. Just to confirm, was your order placed on https://t.co/nUUp5MLhYl, Amazon.ca, or another Amazon website? ^JN | SUPPORT: @143570 You're welcome. Do keep us posted for any further assistance. ^MK | CUSTOMER: @AmazonHelp Amazon android app | CUSTOMER: @AmazonHelp Here's a screenshot within the app https://t.co/syNI5BHKkv | CUSTOMER: @AmazonHelp I just noticed ""by 8PM"" do I guess I should at least wait for then to start complaining... 😂... but if it isn't here at 8:01, I'm going to be ringing your doorbell again... https://t.co/dyZs5AE1Xt | SUPPORT: @143570 I understand how frustrating it is waiting for a package! Keep us updated on its arrival. ^DG | CUSTOMER: @AmazonHelp https://t.co/aeWdGSVw5B",@143570 Are there any updates on the other parcel's tracking information: https://t.co/PyACxvY8Qo? ^ST,Delivery & Tracking
golden-196,"@AmazonHelp @6967 And not only that, when I track my order on your website.... Apparently I didn't make any. Even though I have emails and credit card receipts proving otherwise. https://t.co/9AzQ8RTAbt","CUSTOMER: @115850 you where's my ""guaranteed delivery for today"" package. I just checked and it's sitting in the warehouse. I ordered it on Monday night. By my count today is 2 days. THIS.... Does not look like it's getting delivered does it? https://t.co/biz5Q9SdZS | SUPPORT: @143570 I'm sorry for the inconvenience. Please report this to our support team here: https://t.co/TdDksLo6Mf and we'll look into this. ^MK | CUSTOMER: @AmazonHelp I tried getting you to call me on 2 different phones. Neither rang. It appears I am not the only one unhappy with @6967 courier. Quick search for #amazon &amp; that's the first 2 tweets. If this is how my free trial of Prime is, you can bet I'm not going to pay for it.","@143570 I'm so sorry for the trouble tracking and receiving your order. Just to confirm, was your order placed on https://t.co/nUUp5MLhYl, Amazon.ca, or another Amazon website? ^JN",Order Issue
golden-197,@115850 Your app is crashing when i perform some task I tried more then one time same issue happining its bug in your app.....I found it. https://t.co/UV2Yj8Xe5n,"CUSTOMER: Commit to being fit. Get your fitness requirements at the Amazon Under Armour store. #WeWill #EveryDropCounts. Visit https://t.co/o8hVSBDNkA https://t.co/cRToZwJG3P | CUSTOMER: @115850 You first deliver the orders properly.. mine is not even dispatched since last 36 days!!! | SUPPORT: @115849 Sorry for the delay. You should've received an update here: https://t.co/h9OwxBEDmY Kindly check. ^NS | CUSTOMER: @AmazonHelp Yes I checked that &amp; the response is same as usual which I've been getting since last 1 month that product is out of stock. Why did  you + | CUSTOMER: @AmazonHelp + even take the order if the product wasn't in stock? When I purchased, it was shown in stock to me. Is your inventory system a failure too? | SUPPORT: @115849 Apologies for the delay. We’d like to help you, please fill this form: https://t.co/beaaDm0muc and we’ll contact you soon. ^PJ | CUSTOMER: @115850 अगला सेल कब है सर?? 🤔🙄 | SUPPORT: @183113 We do not have any update as of now. However, please stay tuned. ^SS | CUSTOMER: @115850 very shitty service by @115850
customer care it acting like a degenerate.
They screwed up a refund from amazon pay to cheque #pathetic | SUPPORT: @478323 We're sorry to know our support team were unable to assist you. Please share details using the link shared earlier by 1/2 ^RS | SUPPORT: @478323 my colleague 'AK' so we could have a closer look into this &amp; get it resolved. 2/2 ^RS | CUSTOMER: @AmazonHelp Which link?????? | CUSTOMER: @AmazonHelp send me the link??? | SUPPORT: @478323 Kindly share your details from this link here: https://t.co/vSTyI5ceER and we’ll contact you soon. ^VH",@484991 That's odd. We haven't seen any other reports as such. Kindly try uninstalling and re-installing the app. ^MS,Product & Digital Services
golden-198,@115830 Yet again JMHC fail to deliver my parcel yet claim they attempted to at 6:28pm! Why do I pay for Prime when orders never reach me?,,@129371 Let's talk baout this in real time. Please call or chat with us here: https://t.co/cUH0Os614x ^BA,Delivery & Tracking
golden-199,"@AmazonHelp @115850 It's not helping. Cust Care every time send a canned response, not even care to understand prob after more than 6-7 interactions. How much wait more? Already over 10 days. Its my cash. GIVE ME MY MONEY' #amazonfraud @115851",CUSTOMER: @115850 Cash loaded in AmazonPay on 13th Nov still not reflecting. Where is my money? GIVE ME MY MONEY #amazonpayfraud #amazonfraud @115851 #stupidcustomerservice | SUPPORT: @130696 I get your concern. Please contact our support team here: https://t.co/HQhpS2qeEd and we will help you with this. ^BS,@130696 We're sorry that your issue isn't resolved yet. Please share your details here: https://t.co/beaaDm0muc. We'll contact you soon. ^JS,Payment & Charges
golden-200,O verdadeiro significado da expressão ENTREGA RÁPIDA @117086 @6926 🤓 https://t.co/Y56yLOULEv,,@143194 Olá Sergio! Um primo me recomendou esse mesmo livro! Me falou que é interessante demais! Ficamos felizes que o seu pedido chegou! ^JJ,OTHER / UNCLEAR
